campaign_id,campaign_name,content_family,variant,subject_template,subject_template_characters,subject_has_question,subject_has_number,subject_personalized,html_image_elements,html_link_elements,body_text_words,body_text_sha256,body_text_matches_other_variant
C01,DACH_DE_BASIC_checkoutfeb25_2A,DACH_DE_BASIC_checkoutfeb25_2A,A,Wir schenken Ihnen drei Monate ProvenExpert,43,0,0,0,10,15,267,a121a48993d7cc5dde487191039c2b9e22385529769bf97885898e872a832d7f,0
C01,DACH_DE_BASIC_checkoutfeb25_2A,DACH_DE_BASIC_checkoutfeb25_2A,B,299 € sparen und alle Vorteile für mehr Monate genießen!,56,0,1,0,10,15,267,242f6a8ccb15abf7de0522d85957fa931737517ec933d8bb6339d0bcca85818e,0
C02,DE_NL-CW12-25_DACH-DE-LEADSvA,newsletter_CW12_2025,A,ExpertLetter | Brisante Trustpilot-Enthüllungen + WIX & WordPress kommen!,73,0,0,0,12,16,280,04d561dc362e7d0e4636c0cdfcf1902e750bad875f897efa4a20fa9da7fa171f,1
C02,DE_NL-CW12-25_DACH-DE-LEADSvA,newsletter_CW12_2025,B,ExpertLetter | Bewertungsmanagement-Geheimnisse: von Estimotos Erfolg lernen + Trustpilot-Skandal!,98,0,0,0,12,16,280,04d561dc362e7d0e4636c0cdfcf1902e750bad875f897efa4a20fa9da7fa171f,1
C03,DE_NL-CW12-25_DACH-DE-PAIDvA,newsletter_CW12_2025,A,ExpertLetter | Bewertungsmanagement-Geheimnisse: von Estimotos Erfolg lernen + Trustpilot-Skandal!,98,0,0,0,12,16,294,ca5fbba5948a5ccd4c299e08f39d7d195f89ad9560ab9a2e6752181ca3702274,1
C03,DE_NL-CW12-25_DACH-DE-PAIDvA,newsletter_CW12_2025,B,ExpertLetter | Brisante Trustpilot-Enthüllungen + WIX & WordPress kommen!,73,0,0,0,12,16,294,ca5fbba5948a5ccd4c299e08f39d7d195f89ad9560ab9a2e6752181ca3702274,1
C04,DE_NL-CW12-25_ROW-DE-PAIDvA,newsletter_CW12_2025,A,ExpertLetter | Brisante Trustpilot-Enthüllungen + WIX & WordPress kommen!,73,0,0,0,12,16,294,20346d48d86f1938595835f2dfb462c384afcbfd52d904e93029f87081d279ac,1
C04,DE_NL-CW12-25_ROW-DE-PAIDvA,newsletter_CW12_2025,B,ExpertLetter | Bewertungsmanagement-Geheimnisse: von Estimotos Erfolg lernen + Trustpilot-Skandal!,98,0,0,0,12,16,294,20346d48d86f1938595835f2dfb462c384afcbfd52d904e93029f87081d279ac,1
C05,DE_NL-CW20-23_DACH-DE-LEAD_A,DE_NL-CW20-23_DACH-DE-LEAD_A,A,ExpertLetter | Marketing im Wandel – wie die künstliche Intelligenz uns allen 1 Schritt voraus ist,98,0,1,0,14,20,427,783e7612a49c9203cc7c32d5ebdcd5f0b84510dadd6dace20bc4dae14288025d,1
C05,DE_NL-CW20-23_DACH-DE-LEAD_A,DE_NL-CW20-23_DACH-DE-LEAD_A,B,ExpertLetter | Künstliche Intelligenz – was steckt dahinter und wie profitieren Sie davon?,90,1,0,0,14,20,427,783e7612a49c9203cc7c32d5ebdcd5f0b84510dadd6dace20bc4dae14288025d,1
C06,NL_Webinar_DACH-DE-LEADs_A,NL_Webinar_DACH-DE-LEADs_A,A,2025 ist anders – die neuen Spielregeln im Marketing,52,0,1,0,10,12,304,5e986104adf21cc89e6fdd9b532343fe9baae22f3025dd4d111efab72b11fff9,1
C06,NL_Webinar_DACH-DE-LEADs_A,NL_Webinar_DACH-DE-LEADs_A,B,Willst auch du die neuen Spielregeln im Marketing kennenlernen?,63,1,0,0,10,12,304,5e986104adf21cc89e6fdd9b532343fe9baae22f3025dd4d111efab72b11fff9,1
C07,dach_de_free_business26_4,dach_de_free_business26_4,A,Sichere dir bis zu 35 % Rabatt,30,0,1,0,10,14,219,c313396240564ebd78ea44c55594c6514068cd18dafc72e852be8e3da85c6331,1
C07,dach_de_free_business26_4,dach_de_free_business26_4,B,"[RECIPIENT], heute endet dein Preisvorteil.",43,0,0,1,10,14,219,c313396240564ebd78ea44c55594c6514068cd18dafc72e852be8e3da85c6331,1
C08,dach_de_plus_m_consistency26m_2,dach_de_plus_m_consistency26m_2,A,"5 Sterne allein zeigen nicht, warum Kunden dich wählen",54,0,1,0,10,11,168,ea50d1965a0a1d569f2aadc5a908878b27124ccc140b284d2e97785d6cfabed9,1
C08,dach_de_plus_m_consistency26m_2,dach_de_plus_m_consistency26m_2,B,Wie dich konkrete Umfragen in KI-Systemen nach vorne bringen,60,0,0,0,10,11,168,ea50d1965a0a1d569f2aadc5a908878b27124ccc140b284d2e97785d6cfabed9,1
C09,dach_de_plus_m_consistency26m_3,dach_de_plus_m_consistency26m_3,A,"Was sieht ein Kunde, wenn er dich heute online überprüft?",57,1,0,0,10,14,326,b3156a6a14e3509eaee22c03f8289090c4114d5db105045015d8123b6a5c2f7e,1
C09,dach_de_plus_m_consistency26m_3,dach_de_plus_m_consistency26m_3,B,Eigene Reputation stärken und exklusives 30 % Rabatt-Angebot nutzen,67,0,1,0,10,14,326,b3156a6a14e3509eaee22c03f8289090c4114d5db105045015d8123b6a5c2f7e,1
