source_folder,canonical_campaign,campaign_id,source_event_rows,included_in_combined,duplicate_of,source_csv_sha256,all_five_expected_files_present
DACH_DE_BASIC_checkoutfeb25_2A,DACH_DE_BASIC_checkoutfeb25_2A,C01,956,1,,4f8993d827686acbdd5b861e2f6ad212b2653c9aefc6c21345061320f169d9b9,1
DE_NL-CW12-25_DACH-DE-LEADSvA,DE_NL-CW12-25_DACH-DE-LEADSvA,C02,6995,1,,a17da29bf6601a361e365c591c647415b7b80ce8ebac98ffc16e0f6dc941ee40,1
DE_NL-CW12-25_DACH-DE-PAIDvA,DE_NL-CW12-25_DACH-DE-PAIDvA,C03,15370,1,,77f772e63e8da7dd06464e9593e66b5a1b8564e483e9c8b2e3e0df31365c526c,1
DE_NL-CW12-25_ROW-DE-PAIDvA,DE_NL-CW12-25_ROW-DE-PAIDvA,C04,543,1,,8f7da28e301ba21ea3907b3ab86d394834d7fe68fcc5ebe832580e453ca3b7ba,1
DE_NL-CW20-23_DACH-DE-LEAD_A,DE_NL-CW20-23_DACH-DE-LEAD_A,C05,4729,1,,c04a415b83fc71b7bf3bd2f1999b87e0365b8d2839b01b977ff500005406e4d9,1
NL_Webinar_DACH-DE-LEADs_A,NL_Webinar_DACH-DE-LEADs_A,C06,6910,1,,361bf34b478a0051f92f365f4ad2c4eec817198308e5be1048376b485cdbdd0b,1
dach_de_free_business26_4,dach_de_free_business26_4,C07,21239,1,,6d8f74a5323b6e02865f3b42608a1cb62b4423c7c2a5aee542809fa071ef14b8,1
dach_de_plus_m_consistency26m,dach_de_plus_m_consistency26m_3,C09,500,0,dach_de_plus_m_consistency26m_3,a19203bcb4e5884066c8140766d63b5dbd1bc3e497d9a561d758aa875a4d750c,1
dach_de_plus_m_consistency26m_2,dach_de_plus_m_consistency26m_2,C08,489,1,,2f917f186a6e2d307212effc01fe92fa08ab32e818be7189c24cf519af6b9013,1
dach_de_plus_m_consistency26m_3,dach_de_plus_m_consistency26m_3,C09,500,1,,f059fc46bbf4391f97d7534afac73366e63287a8d3ed7ba7820a9523b0ed7b53,1
