campaign_id,campaign_name,variant,phase,delivered,clicked_observed,click_rate_observed,wilson95_low_descriptive,wilson95_high_descriptive,mature_7d_delivered,clicked_7d
C01,DACH_DE_BASIC_checkoutfeb25_2A,A,test,198,4,0.020202,0.007883,0.050784,198,4
C01,DACH_DE_BASIC_checkoutfeb25_2A,B,test,195,2,0.010256,0.002817,0.036619,195,2
C02,DE_NL-CW12-25_DACH-DE-LEADSvA,A,test,1259,22,0.017474,0.011568,0.026317,1259,22
C02,DE_NL-CW12-25_DACH-DE-LEADSvA,B,test,1245,26,0.020884,0.014291,0.030424,1245,24
C03,DE_NL-CW12-25_DACH-DE-PAIDvA,A,test,2817,50,0.017749,0.013489,0.023323,2817,46
C03,DE_NL-CW12-25_DACH-DE-PAIDvA,B,test,2818,76,0.026969,0.021602,0.033625,2818,73
C04,DE_NL-CW12-25_ROW-DE-PAIDvA,A,test,96,6,0.0625,0.028956,0.129711,96,6
C04,DE_NL-CW12-25_ROW-DE-PAIDvA,B,test,87,1,0.011494,0.002032,0.062273,87,1
C05,DE_NL-CW20-23_DACH-DE-LEAD_A,A,rollout_fallback,816,54,0.066176,0.051072,0.085347,816,51
C05,DE_NL-CW20-23_DACH-DE-LEAD_A,A,test,409,26,0.06357,0.043747,0.091514,409,22
C05,DE_NL-CW20-23_DACH-DE-LEAD_A,B,test,410,19,0.046341,0.029865,0.07124,410,18
C06,NL_Webinar_DACH-DE-LEADs_A,A,test,1175,29,0.024681,0.017238,0.035221,1175,29
C06,NL_Webinar_DACH-DE-LEADs_A,B,test,1200,30,0.025,0.017567,0.035465,1200,30
C07,dach_de_free_business26_4,A,test,2027,3,0.00148,0.000503,0.004343,0,
C07,dach_de_free_business26_4,B,rollout_winner,3433,17,0.004952,0.003094,0.007916,0,
C07,dach_de_free_business26_4,B,test,2035,7,0.00344,0.001667,0.007084,0,
C08,dach_de_plus_m_consistency26m_2,A,test,62,1,0.016129,0.002853,0.085869,62,1
C08,dach_de_plus_m_consistency26m_2,B,rollout_winner,76,1,0.013158,0.002326,0.070838,76,0
C08,dach_de_plus_m_consistency26m_2,B,test,61,0,0.0,0.0,0.059246,61,0
C09,dach_de_plus_m_consistency26m_3,A,rollout_fallback,75,2,0.026667,0.007344,0.092117,75,1
C09,dach_de_plus_m_consistency26m_3,A,test,62,1,0.016129,0.002853,0.085869,62,1
C09,dach_de_plus_m_consistency26m_3,B,test,59,0,0.0,0.0,0.061131,59,0
