step,variant,click,cumulative_clicks
1,B,0,0
2,A,0,0
3,A,0,0
4,A,0,0
5,B,0,0
6,A,0,0
7,B,0,0
8,B,0,0
9,A,0,0
10,B,0,0
11,B,0,0
12,B,0,0
13,A,0,0
14,A,0,0
15,A,0,0
16,A,0,0
17,A,0,0
18,B,0,0
19,B,0,0
20,A,1,1
21,A,0,1
22,A,0,1
23,A,0,1
24,A,0,1
25,B,0,1
26,B,0,1
27,A,0,1
28,A,0,1
29,B,0,1
30,A,0,1
31,A,0,1
32,A,0,1
33,A,0,1
34,A,0,1
35,B,0,1
36,A,0,1
37,A,0,1
38,B,0,1
39,B,0,1
40,B,0,1
41,B,0,1
42,B,0,1
43,A,0,1
44,A,0,1
45,B,0,1
46,B,0,1
47,B,0,1
48,B,0,1
49,A,0,1
50,B,0,1
51,A,0,1
52,A,0,1
53,B,0,1
54,B,0,1
55,A,0,1
56,A,0,1
57,A,0,1
58,B,0,1
59,A,0,1
60,B,0,1
61,A,0,1
62,B,0,1
63,B,0,1
64,A,0,1
65,A,0,1
66,B,0,1
67,B,0,1
68,A,0,1
69,B,0,1
70,B,0,1
71,A,0,1
72,B,0,1
73,B,0,1
74,A,0,1
75,B,0,1
76,B,0,1
77,B,0,1
78,B,0,1
79,A,0,1
80,B,0,1
81,B,0,1
82,A,0,1
83,B,0,1
84,B,0,1
85,A,0,1
86,A,0,1
87,B,0,1
88,B,0,1
89,B,0,1
90,B,0,1
91,B,0,1
92,A,0,1
93,B,0,1
94,B,0,1
95,B,0,1
96,A,0,1
97,A,0,1
98,B,0,1
99,B,0,1
100,A,0,1
101,A,1,2
102,A,0,2
103,A,0,2
104,B,0,2
105,A,0,2
106,A,0,2
107,B,0,2
108,A,0,2
109,B,0,2
110,A,0,2
111,A,0,2
112,A,0,2
113,A,0,2
114,B,0,2
115,B,0,2
116,A,0,2
117,A,0,2
118,A,0,2
119,A,0,2
120,A,0,2
121,B,0,2
122,A,0,2
123,A,0,2
124,B,0,2
125,B,1,3
126,B,0,3
127,A,0,3
128,B,0,3
129,A,0,3
130,B,0,3
131,A,0,3
132,A,0,3
133,B,0,3
134,A,0,3
135,B,0,3
136,B,0,3
137,A,0,3
138,B,0,3
139,A,0,3
140,B,0,3
141,A,0,3
142,A,0,3
143,B,0,3
144,B,0,3
145,B,0,3
146,B,0,3
147,B,0,3
148,B,0,3
149,A,0,3
150,B,0,3
151,B,0,3
152,A,0,3
153,A,0,3
154,A,0,3
155,A,0,3
156,A,0,3
157,B,0,3
158,A,0,3
159,B,0,3
160,A,0,3
161,A,0,3
162,B,0,3
163,A,0,3
164,A,0,3
165,B,0,3
166,B,0,3
167,B,0,3
168,B,0,3
169,A,0,3
170,B,0,3
171,A,0,3
172,A,0,3
173,A,0,3
174,A,0,3
175,A,0,3
176,A,0,3
177,B,0,3
178,A,0,3
179,A,0,3
180,B,0,3
181,A,0,3
182,B,0,3
183,B,0,3
184,A,0,3
185,B,0,3
186,B,0,3
187,B,0,3
188,B,0,3
189,B,0,3
190,A,0,3
191,B,0,3
192,A,0,3
193,A,0,3
194,A,0,3
195,A,0,3
196,A,0,3
197,B,0,3
198,A,0,3
199,B,0,3
200,A,0,3
201,A,0,3
202,A,0,3
203,B,0,3
204,B,0,3
205,B,0,3
206,B,0,3
207,A,0,3
208,B,0,3
209,B,0,3
210,A,0,3
211,B,0,3
212,A,0,3
213,B,0,3
214,A,0,3
215,A,0,3
216,A,0,3
217,B,0,3
218,A,0,3
219,A,0,3
220,A,0,3
221,A,0,3
222,A,0,3
223,A,0,3
224,B,0,3
225,A,0,3
226,B,0,3
227,B,0,3
228,B,0,3
229,A,0,3
230,B,0,3
231,B,0,3
232,A,0,3
233,B,0,3
234,B,0,3
235,A,0,3
236,A,0,3
237,A,0,3
238,B,0,3
239,A,0,3
240,B,0,3
241,B,0,3
242,B,0,3
243,B,0,3
244,A,0,3
245,A,0,3
246,A,0,3
247,A,0,3
248,A,0,3
249,B,0,3
250,A,0,3
251,B,0,3
252,A,0,3
253,A,0,3
254,B,0,3
255,A,0,3
256,A,0,3
257,B,0,3
258,B,0,3
259,A,0,3
260,A,0,3
261,A,0,3
262,B,0,3
263,B,0,3
264,B,0,3
265,A,0,3
266,B,0,3
267,A,0,3
268,B,0,3
269,B,0,3
270,B,1,4
271,A,0,4
272,B,0,4
273,A,0,4
274,B,0,4
275,B,0,4
276,B,0,4
277,A,0,4
278,A,0,4
279,B,0,4
280,B,0,4
281,B,0,4
282,A,0,4
283,A,0,4
284,A,0,4
285,B,0,4
286,A,0,4
287,A,0,4
288,B,0,4
289,B,0,4
290,B,0,4
291,B,1,5
292,A,0,5
293,A,0,5
294,A,0,5
295,A,0,5
296,B,0,5
297,B,0,5
298,B,1,6
299,A,0,6
300,A,0,6
301,A,0,6
302,B,0,6
303,A,0,6
304,B,0,6
305,A,0,6
306,A,0,6
307,A,0,6
308,B,0,6
309,B,0,6
310,A,0,6
311,B,0,6
312,B,0,6
313,A,0,6
314,B,0,6
315,A,0,6
316,A,0,6
317,A,0,6
318,B,0,6
319,A,0,6
320,A,0,6
321,A,0,6
322,B,0,6
323,A,0,6
324,A,0,6
325,A,0,6
326,A,0,6
327,B,0,6
328,B,0,6
329,A,0,6
330,A,0,6
331,B,0,6
332,A,0,6
333,B,0,6
334,A,0,6
335,B,0,6
336,A,0,6
337,B,0,6
338,A,0,6
339,B,0,6
340,B,0,6
341,B,0,6
342,B,0,6
343,B,1,7
344,B,0,7
345,A,0,7
346,A,0,7
347,A,0,7
348,B,0,7
349,B,0,7
350,B,0,7
351,A,0,7
352,B,0,7
353,B,0,7
354,B,0,7
355,B,0,7
356,B,0,7
357,B,0,7
358,A,0,7
359,A,0,7
360,B,0,7
361,A,0,7
362,A,0,7
363,B,0,7
364,B,0,7
365,B,0,7
366,A,0,7
367,B,0,7
368,A,0,7
369,B,1,8
370,A,0,8
371,A,0,8
372,A,0,8
373,B,0,8
374,A,0,8
375,A,0,8
376,B,0,8
377,B,0,8
378,B,0,8
379,B,0,8
380,A,0,8
381,B,0,8
382,B,0,8
383,A,0,8
384,B,0,8
385,A,0,8
386,B,0,8
387,B,0,8
388,A,0,8
389,A,0,8
390,B,0,8
391,A,0,8
392,B,0,8
393,A,0,8
394,A,0,8
395,B,1,9
396,B,0,9
397,B,0,9
398,B,0,9
399,B,0,9
400,B,0,9
401,A,0,9
402,B,0,9
403,B,0,9
404,A,0,9
405,A,0,9
406,A,0,9
407,B,0,9
408,B,0,9
409,A,0,9
410,A,0,9
411,A,0,9
412,A,0,9
413,A,0,9
414,A,0,9
415,A,0,9
416,A,0,9
417,B,0,9
418,B,0,9
419,B,0,9
420,A,0,9
421,B,0,9
422,A,0,9
423,B,0,9
424,A,0,9
425,B,0,9
426,A,0,9
427,B,0,9
428,A,1,10
429,B,0,10
430,A,0,10
431,B,0,10
432,B,0,10
433,B,0,10
434,B,0,10
435,A,0,10
436,A,0,10
437,A,0,10
438,B,0,10
439,A,0,10
440,B,0,10
441,A,0,10
442,B,0,10
443,A,0,10
444,A,0,10
445,A,0,10
446,A,0,10
447,B,0,10
448,A,0,10
449,B,0,10
450,B,0,10
451,A,0,10
452,A,0,10
453,B,0,10
454,A,0,10
455,B,0,10
456,A,0,10
457,B,0,10
458,B,0,10
459,A,0,10
460,A,0,10
461,A,0,10
462,A,0,10
463,B,0,10
464,B,0,10
465,A,0,10
466,B,0,10
467,A,0,10
468,B,0,10
469,B,0,10
470,A,0,10
471,B,0,10
472,A,0,10
473,A,0,10
474,A,0,10
475,B,0,10
476,A,0,10
477,A,0,10
478,B,0,10
479,B,0,10
480,B,0,10
481,B,0,10
482,A,1,11
483,B,0,11
484,A,0,11
485,A,0,11
486,A,0,11
487,B,0,11
488,A,0,11
489,A,0,11
490,A,0,11
491,A,0,11
492,B,0,11
493,B,0,11
494,B,0,11
495,B,0,11
496,B,0,11
497,B,0,11
498,B,0,11
499,B,0,11
500,B,0,11
501,B,0,11
502,A,0,11
503,B,0,11
504,B,0,11
505,B,0,11
506,B,0,11
507,B,0,11
508,B,0,11
509,B,0,11
510,A,0,11
511,A,0,11
512,B,0,11
513,B,0,11
514,B,0,11
515,A,0,11
516,A,0,11
517,A,0,11
518,A,0,11
519,B,1,12
520,B,0,12
521,A,0,12
522,B,0,12
523,B,0,12
524,A,0,12
525,A,0,12
526,B,0,12
527,B,0,12
528,B,0,12
529,B,1,13
530,B,0,13
531,B,0,13
532,A,0,13
533,A,0,13
534,A,0,13
535,A,0,13
536,B,0,13
537,B,0,13
538,B,0,13
539,B,0,13
540,B,0,13
541,B,0,13
542,B,0,13
543,A,0,13
544,A,0,13
545,B,0,13
546,A,0,13
547,A,0,13
548,A,0,13
549,A,0,13
550,A,0,13
551,B,0,13
552,A,0,13
553,A,0,13
554,A,0,13
555,A,0,13
556,B,0,13
557,A,0,13
558,A,0,13
559,A,0,13
560,B,0,13
561,B,0,13
562,A,0,13
563,B,0,13
564,B,0,13
565,A,0,13
566,B,0,13
567,A,0,13
568,B,0,13
569,B,0,13
570,B,0,13
571,B,0,13
572,A,0,13
573,B,0,13
574,B,0,13
575,A,0,13
576,A,0,13
577,A,0,13
578,A,0,13
579,B,0,13
580,B,0,13
581,B,0,13
582,A,0,13
583,B,0,13
584,B,0,13
585,A,0,13
586,A,0,13
587,A,0,13
588,A,0,13
589,A,0,13
590,B,0,13
591,B,0,13
592,A,0,13
593,B,0,13
594,A,0,13
595,B,0,13
596,A,0,13
597,A,0,13
598,B,0,13
599,A,1,14
600,A,0,14
601,A,0,14
602,A,0,14
603,A,0,14
604,B,0,14
605,A,0,14
606,B,0,14
607,B,0,14
608,A,0,14
609,A,0,14
610,B,0,14
611,A,0,14
612,A,0,14
613,B,0,14
614,B,0,14
615,A,0,14
616,A,0,14
617,A,0,14
618,B,0,14
619,A,0,14
620,A,0,14
621,B,0,14
622,B,0,14
623,A,0,14
624,A,0,14
625,B,0,14
626,A,0,14
627,B,0,14
628,B,0,14
629,B,0,14
630,B,0,14
631,A,0,14
632,B,0,14
633,A,0,14
634,B,0,14
635,A,0,14
636,B,0,14
637,A,0,14
638,B,1,15
639,A,0,15
640,B,0,15
641,A,0,15
642,A,0,15
643,B,0,15
644,B,0,15
645,B,0,15
646,A,0,15
647,B,0,15
648,A,0,15
649,A,0,15
650,B,0,15
651,A,0,15
652,A,0,15
653,A,0,15
654,B,0,15
655,B,0,15
656,B,0,15
657,A,0,15
658,A,0,15
659,A,0,15
660,A,0,15
661,B,0,15
662,A,0,15
663,A,0,15
664,B,0,15
665,B,0,15
666,B,0,15
667,A,0,15
668,B,0,15
669,A,0,15
670,B,0,15
671,B,0,15
672,B,0,15
673,A,0,15
674,A,0,15
675,A,0,15
676,A,0,15
677,B,0,15
678,B,0,15
679,B,0,15
680,A,0,15
681,B,0,15
682,A,0,15
683,A,0,15
684,A,0,15
685,A,1,16
686,B,0,16
687,B,0,16
688,B,0,16
689,B,0,16
690,B,0,16
691,B,0,16
692,A,0,16
693,A,0,16
694,B,0,16
695,A,0,16
696,B,0,16
697,A,0,16
698,A,0,16
699,B,0,16
700,A,0,16
701,B,0,16
702,A,0,16
703,A,0,16
704,A,0,16
705,B,0,16
706,A,0,16
707,A,0,16
708,A,0,16
709,B,0,16
710,A,0,16
711,A,0,16
712,A,0,16
713,A,0,16
714,A,0,16
715,A,0,16
716,B,0,16
717,B,0,16
718,A,0,16
719,B,0,16
720,A,0,16
721,B,0,16
722,B,0,16
723,B,0,16
724,B,0,16
725,A,0,16
726,B,0,16
727,A,0,16
728,A,0,16
729,A,0,16
730,B,0,16
731,A,0,16
732,B,0,16
733,B,0,16
734,B,0,16
735,B,0,16
736,A,0,16
737,B,0,16
738,B,0,16
739,A,0,16
740,A,0,16
741,B,0,16
742,A,0,16
743,A,0,16
744,A,0,16
745,A,0,16
746,B,0,16
747,A,0,16
748,B,0,16
749,A,0,16
750,B,0,16
751,B,0,16
752,B,0,16
753,A,0,16
754,A,0,16
755,A,0,16
756,B,0,16
757,A,0,16
758,B,0,16
759,A,0,16
760,B,0,16
761,A,0,16
762,A,0,16
763,B,0,16
764,A,0,16
765,B,0,16
766,B,0,16
767,B,0,16
768,B,0,16
769,A,0,16
770,A,0,16
771,B,0,16
772,A,0,16
773,B,0,16
774,A,0,16
775,B,0,16
776,B,0,16
777,B,0,16
778,B,0,16
779,A,0,16
780,A,0,16
781,A,0,16
782,A,0,16
783,B,0,16
784,B,0,16
785,A,0,16
786,B,0,16
787,B,0,16
788,B,0,16
789,B,0,16
790,A,0,16
791,B,0,16
792,A,0,16
793,B,0,16
794,B,0,16
795,B,0,16
796,A,0,16
797,A,0,16
798,B,0,16
799,A,0,16
800,A,0,16
801,A,0,16
802,B,0,16
803,A,0,16
804,B,0,16
805,A,0,16
806,A,0,16
807,A,0,16
808,B,0,16
809,A,0,16
810,A,0,16
811,A,0,16
812,A,0,16
813,A,0,16
814,B,0,16
815,A,0,16
816,A,0,16
817,B,0,16
818,B,0,16
819,A,0,16
820,B,0,16
821,A,0,16
822,B,0,16
823,A,0,16
824,A,0,16
825,A,0,16
826,A,0,16
827,A,0,16
828,B,0,16
829,B,0,16
830,B,0,16
831,B,0,16
832,B,0,16
833,B,0,16
834,A,0,16
835,A,0,16
836,A,0,16
837,A,0,16
838,B,0,16
839,A,0,16
840,A,0,16
841,B,0,16
842,A,0,16
843,B,0,16
844,B,0,16
845,A,0,16
846,B,0,16
847,A,0,16
848,B,0,16
849,B,0,16
850,B,0,16
851,B,0,16
852,A,0,16
853,B,0,16
854,A,0,16
855,B,0,16
856,B,0,16
857,B,0,16
858,B,0,16
859,A,0,16
860,A,0,16
861,B,0,16
862,A,0,16
863,B,0,16
864,B,0,16
865,A,0,16
866,B,0,16
867,A,0,16
868,B,0,16
869,B,0,16
870,A,0,16
871,A,0,16
872,A,0,16
873,A,0,16
874,B,0,16
875,A,0,16
876,B,0,16
877,A,0,16
878,A,0,16
879,B,0,16
880,A,0,16
881,A,0,16
882,B,0,16
883,A,1,17
884,B,0,17
885,A,0,17
886,A,0,17
887,B,0,17
888,B,0,17
889,A,0,17
890,A,0,17
891,B,0,17
892,A,0,17
893,B,0,17
894,B,0,17
895,B,0,17
896,A,0,17
897,A,0,17
898,A,0,17
899,B,0,17
900,B,0,17
901,B,0,17
902,B,0,17
903,B,0,17
904,A,0,17
905,B,0,17
906,A,0,17
907,B,0,17
908,A,0,17
909,A,0,17
910,A,0,17
911,B,0,17
912,A,0,17
913,B,0,17
914,A,0,17
915,A,0,17
916,A,0,17
917,A,0,17
918,B,0,17
919,B,0,17
920,A,0,17
921,A,0,17
922,B,0,17
923,A,0,17
924,A,0,17
925,A,0,17
926,B,0,17
927,A,0,17
928,A,0,17
929,B,0,17
930,A,0,17
931,B,0,17
932,A,0,17
933,B,0,17
934,B,0,17
935,A,0,17
936,A,0,17
937,A,0,17
938,B,0,17
939,A,0,17
940,B,0,17
941,A,0,17
942,A,0,17
943,B,0,17
944,B,0,17
945,A,0,17
946,A,0,17
947,B,0,17
948,A,0,17
949,A,0,17
950,B,0,17
951,A,0,17
952,A,0,17
953,B,0,17
954,A,0,17
955,A,0,17
956,B,0,17
957,B,1,18
958,B,0,18
959,B,0,18
960,B,0,18
961,B,0,18
962,A,0,18
963,B,0,18
964,B,0,18
965,A,0,18
966,A,0,18
967,B,1,19
968,B,0,19
969,B,0,19
970,B,0,19
971,A,0,19
972,B,0,19
973,B,0,19
974,B,0,19
975,A,0,19
976,A,0,19
977,B,0,19
978,B,0,19
979,B,0,19
980,A,0,19
981,A,0,19
982,B,0,19
983,B,0,19
984,A,0,19
985,B,0,19
986,A,0,19
987,A,0,19
988,A,0,19
989,B,0,19
990,B,0,19
991,B,0,19
992,B,0,19
993,A,0,19
994,B,0,19
995,B,0,19
996,B,0,19
997,A,0,19
998,B,0,19
999,B,0,19
1000,A,0,19
1001,B,0,19
1002,B,0,19
1003,A,0,19
1004,B,0,19
1005,B,0,19
1006,A,0,19
1007,A,0,19
1008,B,0,19
1009,A,0,19
1010,A,0,19
1011,B,0,19
1012,B,0,19
1013,A,0,19
1014,B,1,20
1015,A,0,20
1016,A,0,20
1017,B,0,20
1018,B,0,20
1019,B,0,20
1020,A,0,20
1021,A,0,20
1022,A,0,20
1023,A,0,20
1024,B,0,20
1025,A,0,20
1026,A,0,20
1027,B,1,21
1028,A,0,21
1029,A,0,21
1030,A,0,21
1031,A,0,21
1032,B,0,21
1033,B,0,21
1034,B,1,22
1035,B,1,23
1036,B,0,23
1037,A,0,23
1038,B,0,23
1039,A,0,23
1040,A,0,23
1041,B,0,23
1042,A,0,23
1043,B,0,23
1044,B,0,23
1045,B,0,23
1046,B,0,23
1047,B,0,23
1048,B,0,23
1049,B,0,23
1050,B,0,23
1051,A,0,23
1052,A,0,23
1053,A,0,23
1054,A,0,23
1055,A,0,23
1056,A,0,23
1057,B,0,23
1058,B,0,23
1059,A,0,23
1060,B,0,23
1061,B,0,23
1062,A,0,23
1063,A,0,23
1064,A,0,23
1065,B,0,23
1066,B,0,23
1067,B,0,23
1068,B,0,23
1069,A,0,23
1070,A,0,23
1071,A,0,23
1072,B,0,23
1073,A,0,23
1074,A,0,23
1075,A,0,23
1076,B,0,23
1077,B,0,23
1078,A,0,23
1079,A,0,23
1080,A,0,23
1081,A,0,23
1082,B,0,23
1083,B,0,23
1084,A,0,23
1085,A,0,23
1086,A,0,23
1087,A,0,23
1088,A,0,23
1089,B,0,23
1090,A,0,23
1091,A,0,23
1092,B,0,23
1093,B,0,23
1094,A,0,23
1095,B,0,23
1096,A,0,23
1097,B,0,23
1098,B,0,23
1099,A,0,23
1100,A,0,23
1101,A,0,23
1102,A,0,23
1103,A,0,23
1104,B,0,23
1105,A,0,23
1106,B,0,23
1107,B,0,23
1108,B,0,23
1109,B,0,23
1110,A,0,23
1111,B,0,23
1112,B,0,23
1113,A,0,23
1114,A,0,23
1115,B,0,23
1116,A,0,23
1117,A,0,23
1118,B,0,23
1119,A,0,23
1120,B,0,23
1121,B,0,23
1122,B,0,23
1123,A,0,23
1124,B,0,23
1125,A,0,23
1126,B,0,23
1127,B,0,23
1128,B,0,23
1129,A,0,23
1130,A,0,23
1131,B,0,23
1132,B,0,23
1133,A,0,23
1134,B,1,24
1135,A,0,24
1136,B,0,24
1137,A,0,24
1138,B,0,24
1139,A,0,24
1140,B,0,24
1141,A,0,24
1142,A,0,24
1143,A,0,24
1144,B,0,24
1145,B,0,24
1146,B,0,24
1147,A,0,24
1148,B,0,24
1149,A,0,24
1150,A,0,24
1151,A,0,24
1152,A,0,24
1153,A,0,24
1154,B,0,24
1155,A,0,24
1156,B,0,24
1157,B,0,24
1158,A,0,24
1159,B,0,24
1160,A,0,24
1161,B,0,24
1162,B,0,24
1163,B,0,24
1164,A,0,24
1165,B,0,24
1166,B,0,24
1167,A,0,24
1168,A,0,24
1169,A,1,25
1170,B,0,25
1171,B,0,25
1172,B,0,25
1173,A,0,25
1174,A,0,25
1175,B,1,26
1176,A,0,26
1177,B,0,26
1178,A,0,26
1179,B,0,26
1180,A,0,26
1181,B,0,26
1182,A,0,26
1183,B,0,26
1184,A,0,26
1185,A,0,26
1186,A,0,26
1187,B,0,26
1188,B,0,26
1189,B,0,26
1190,B,0,26
1191,B,0,26
1192,B,0,26
1193,A,0,26
1194,A,0,26
1195,B,0,26
1196,A,0,26
1197,B,0,26
1198,B,0,26
1199,A,0,26
1200,B,0,26
1201,B,0,26
1202,A,0,26
1203,A,0,26
1204,A,0,26
1205,A,0,26
1206,B,0,26
1207,A,0,26
1208,B,0,26
1209,A,0,26
1210,A,0,26
1211,A,0,26
1212,A,0,26
1213,B,0,26
1214,B,0,26
1215,B,0,26
1216,A,0,26
1217,A,0,26
1218,B,0,26
1219,B,0,26
1220,B,0,26
1221,B,0,26
1222,B,0,26
1223,B,0,26
1224,A,0,26
1225,B,0,26
1226,B,0,26
1227,B,0,26
1228,A,0,26
1229,B,0,26
1230,B,0,26
1231,A,0,26
1232,B,0,26
1233,B,0,26
1234,B,0,26
1235,B,0,26
1236,B,0,26
1237,A,0,26
1238,B,0,26
1239,A,0,26
1240,B,0,26
1241,B,0,26
1242,A,0,26
1243,B,0,26
1244,A,0,26
1245,B,0,26
1246,B,0,26
1247,A,0,26
1248,A,0,26
1249,B,0,26
1250,A,0,26
1251,B,0,26
1252,A,0,26
1253,B,0,26
1254,A,0,26
1255,A,0,26
1256,B,0,26
1257,B,0,26
1258,A,0,26
1259,A,0,26
1260,B,0,26
1261,B,0,26
1262,A,0,26
1263,B,0,26
1264,B,0,26
1265,A,0,26
1266,A,0,26
1267,B,0,26
1268,A,0,26
1269,A,0,26
1270,B,0,26
1271,B,0,26
1272,A,0,26
1273,A,0,26
1274,A,0,26
1275,A,0,26
1276,A,0,26
1277,A,0,26
1278,A,0,26
1279,B,0,26
1280,A,0,26
1281,B,0,26
1282,B,0,26
1283,A,0,26
1284,A,0,26
1285,A,0,26
1286,A,0,26
1287,B,0,26
1288,A,0,26
1289,A,0,26
1290,A,0,26
1291,B,0,26
1292,A,0,26
1293,A,0,26
1294,B,0,26
1295,B,0,26
1296,B,0,26
1297,A,0,26
1298,B,0,26
1299,B,0,26
1300,A,0,26
1301,B,0,26
1302,B,0,26
1303,A,0,26
1304,B,0,26
1305,A,0,26
1306,B,0,26
1307,A,0,26
1308,A,0,26
1309,B,0,26
1310,A,0,26
1311,A,0,26
1312,B,0,26
1313,A,0,26
1314,A,0,26
1315,B,0,26
1316,B,0,26
1317,B,0,26
1318,B,0,26
1319,B,0,26
1320,A,0,26
1321,B,0,26
1322,B,0,26
1323,B,0,26
1324,B,0,26
1325,B,0,26
1326,B,0,26
1327,A,0,26
1328,A,0,26
1329,A,0,26
1330,A,0,26
1331,B,0,26
1332,B,0,26
1333,A,0,26
1334,B,0,26
1335,A,0,26
1336,A,0,26
1337,A,0,26
1338,B,0,26
1339,A,0,26
1340,A,0,26
1341,B,0,26
1342,B,0,26
1343,A,0,26
1344,B,0,26
1345,B,0,26
1346,B,0,26
1347,B,0,26
1348,B,0,26
1349,A,0,26
1350,B,0,26
1351,B,0,26
1352,A,0,26
1353,A,0,26
1354,B,0,26
1355,A,0,26
1356,B,0,26
1357,B,0,26
1358,A,0,26
1359,B,0,26
1360,B,0,26
1361,A,0,26
1362,B,0,26
1363,B,0,26
1364,A,0,26
1365,A,0,26
1366,A,0,26
1367,A,0,26
1368,B,0,26
1369,A,0,26
1370,A,0,26
1371,A,0,26
1372,A,0,26
1373,A,0,26
1374,B,0,26
1375,B,0,26
1376,A,0,26
1377,B,0,26
1378,B,0,26
1379,B,0,26
1380,A,0,26
1381,B,0,26
1382,B,0,26
1383,A,0,26
1384,B,0,26
1385,A,0,26
1386,A,0,26
1387,B,0,26
1388,A,0,26
1389,A,0,26
1390,A,0,26
1391,B,0,26
1392,B,1,27
1393,B,0,27
1394,A,0,27
1395,A,0,27
1396,B,0,27
1397,B,0,27
1398,A,0,27
1399,B,0,27
1400,A,0,27
1401,B,0,27
1402,A,0,27
1403,A,0,27
1404,B,0,27
1405,B,0,27
1406,A,0,27
1407,B,0,27
1408,B,0,27
1409,B,1,28
1410,B,0,28
1411,A,0,28
1412,A,0,28
1413,A,0,28
1414,A,0,28
1415,A,0,28
1416,A,0,28
1417,A,0,28
1418,A,0,28
1419,B,0,28
1420,B,0,28
1421,B,0,28
1422,A,0,28
1423,A,0,28
1424,A,0,28
1425,B,0,28
1426,A,0,28
1427,B,0,28
1428,A,0,28
1429,B,0,28
1430,A,0,28
1431,B,0,28
1432,A,0,28
1433,A,0,28
1434,A,0,28
1435,B,0,28
1436,A,0,28
1437,A,0,28
1438,B,0,28
1439,B,0,28
1440,B,0,28
1441,A,0,28
1442,A,0,28
1443,B,0,28
1444,B,0,28
1445,A,0,28
1446,B,0,28
1447,A,0,28
1448,B,0,28
1449,B,0,28
1450,A,0,28
1451,A,0,28
1452,B,0,28
1453,A,0,28
1454,A,0,28
1455,B,0,28
1456,A,0,28
1457,B,0,28
1458,A,0,28
1459,B,0,28
1460,B,0,28
1461,B,0,28
1462,A,0,28
1463,B,0,28
1464,A,0,28
1465,B,0,28
1466,B,0,28
1467,B,0,28
1468,A,0,28
1469,A,0,28
1470,B,0,28
1471,A,0,28
1472,B,0,28
1473,B,0,28
1474,B,0,28
1475,A,0,28
1476,A,0,28
1477,A,0,28
1478,B,0,28
1479,B,0,28
1480,A,0,28
1481,B,0,28
1482,A,0,28
1483,A,0,28
1484,B,0,28
1485,B,0,28
1486,B,0,28
1487,A,0,28
1488,A,0,28
1489,B,0,28
1490,A,0,28
1491,B,0,28
1492,B,0,28
1493,B,0,28
1494,B,0,28
1495,A,0,28
1496,A,0,28
1497,A,0,28
1498,A,0,28
1499,A,0,28
1500,B,0,28
1501,A,0,28
1502,B,0,28
1503,A,0,28
1504,B,0,28
1505,A,0,28
1506,B,0,28
1507,A,0,28
1508,B,0,28
1509,A,0,28
1510,B,0,28
1511,A,0,28
1512,B,0,28
1513,B,0,28
1514,A,0,28
1515,B,0,28
1516,B,0,28
1517,A,0,28
1518,B,0,28
1519,A,0,28
1520,A,0,28
1521,A,0,28
1522,A,0,28
1523,A,0,28
1524,B,0,28
1525,A,0,28
1526,A,0,28
1527,B,0,28
1528,A,0,28
1529,B,0,28
1530,B,0,28
1531,A,0,28
1532,A,0,28
1533,B,0,28
1534,A,0,28
1535,A,0,28
1536,B,0,28
1537,A,0,28
1538,B,0,28
1539,B,0,28
1540,A,0,28
1541,B,0,28
1542,A,0,28
1543,B,0,28
1544,B,0,28
1545,B,0,28
1546,B,0,28
1547,B,0,28
1548,B,0,28
1549,A,0,28
1550,A,0,28
1551,A,0,28
1552,A,0,28
1553,A,0,28
1554,B,0,28
1555,B,0,28
1556,B,0,28
1557,A,0,28
1558,A,0,28
1559,B,0,28
1560,B,0,28
1561,B,0,28
1562,A,0,28
1563,A,0,28
1564,A,0,28
1565,A,0,28
1566,B,0,28
1567,A,0,28
1568,A,0,28
1569,B,0,28
1570,A,0,28
1571,B,0,28
1572,B,0,28
1573,A,0,28
1574,B,0,28
1575,B,0,28
1576,A,0,28
1577,B,0,28
1578,A,0,28
1579,A,0,28
1580,B,0,28
1581,A,0,28
1582,B,0,28
1583,A,0,28
1584,B,0,28
1585,A,0,28
1586,A,0,28
1587,A,0,28
1588,B,0,28
1589,A,0,28
1590,B,0,28
1591,B,0,28
1592,B,0,28
1593,B,0,28
1594,A,0,28
1595,B,0,28
1596,A,0,28
1597,A,0,28
1598,A,0,28
1599,B,0,28
1600,B,0,28
1601,A,0,28
1602,A,0,28
1603,A,0,28
1604,B,0,28
1605,A,0,28
1606,B,0,28
1607,B,0,28
1608,A,0,28
1609,A,0,28
1610,A,0,28
1611,B,0,28
1612,A,0,28
1613,B,0,28
1614,A,0,28
1615,A,0,28
1616,A,0,28
1617,A,0,28
1618,A,0,28
1619,A,0,28
1620,A,0,28
1621,A,0,28
1622,A,0,28
1623,A,0,28
1624,A,0,28
1625,A,0,28
1626,A,0,28
1627,A,0,28
1628,A,0,28
1629,B,0,28
1630,B,0,28
1631,A,0,28
1632,A,0,28
1633,A,0,28
1634,B,0,28
1635,B,0,28
1636,A,0,28
1637,B,0,28
1638,B,0,28
1639,A,0,28
1640,A,0,28
1641,B,0,28
1642,B,0,28
1643,A,0,28
1644,B,0,28
1645,A,0,28
1646,A,0,28
1647,B,0,28
1648,A,0,28
1649,B,0,28
1650,A,0,28
1651,A,0,28
1652,B,0,28
1653,A,0,28
1654,A,0,28
1655,B,0,28
1656,B,0,28
1657,B,0,28
1658,B,1,29
1659,A,0,29
1660,B,0,29
1661,B,0,29
1662,A,0,29
1663,A,0,29
1664,A,0,29
1665,B,0,29
1666,B,0,29
1667,B,0,29
1668,B,0,29
1669,B,0,29
1670,B,0,29
1671,B,0,29
1672,A,0,29
1673,A,0,29
1674,A,0,29
1675,B,0,29
1676,B,0,29
1677,B,0,29
1678,B,0,29
1679,A,0,29
1680,B,0,29
1681,B,0,29
1682,B,0,29
1683,A,0,29
1684,A,0,29
1685,B,0,29
1686,B,0,29
1687,A,0,29
1688,B,0,29
1689,A,0,29
1690,B,0,29
1691,A,0,29
1692,A,0,29
1693,B,0,29
1694,A,0,29
1695,B,0,29
1696,B,0,29
1697,A,0,29
1698,A,0,29
1699,A,0,29
1700,A,0,29
1701,B,0,29
1702,B,0,29
1703,A,0,29
1704,B,0,29
1705,A,0,29
1706,A,0,29
1707,B,0,29
1708,B,0,29
1709,A,0,29
1710,B,0,29
1711,A,0,29
1712,A,0,29
1713,A,0,29
1714,A,0,29
1715,A,0,29
1716,B,0,29
1717,A,0,29
1718,B,0,29
1719,A,0,29
1720,A,0,29
1721,A,0,29
1722,B,0,29
1723,B,0,29
1724,B,0,29
1725,A,0,29
1726,A,0,29
1727,A,0,29
1728,B,0,29
1729,B,0,29
1730,B,0,29
1731,A,0,29
1732,B,0,29
1733,B,0,29
1734,B,0,29
1735,A,0,29
1736,A,0,29
1737,A,0,29
1738,A,0,29
1739,B,1,30
1740,B,0,30
1741,A,0,30
1742,B,0,30
1743,A,0,30
1744,B,0,30
1745,A,0,30
1746,A,0,30
1747,B,0,30
1748,B,0,30
1749,A,0,30
1750,B,0,30
1751,B,0,30
1752,A,0,30
1753,A,0,30
1754,B,0,30
1755,B,0,30
1756,B,0,30
1757,A,0,30
1758,A,0,30
1759,B,0,30
1760,B,0,30
1761,A,0,30
1762,A,0,30
1763,B,0,30
1764,A,0,30
1765,B,0,30
1766,B,0,30
1767,A,0,30
1768,B,0,30
1769,B,0,30
1770,B,0,30
1771,A,0,30
1772,A,0,30
1773,B,0,30
1774,B,0,30
1775,B,0,30
1776,A,0,30
1777,B,0,30
1778,B,0,30
1779,A,0,30
1780,A,0,30
1781,B,0,30
1782,A,0,30
1783,B,0,30
1784,B,0,30
1785,B,0,30
1786,A,0,30
1787,A,0,30
1788,B,0,30
1789,B,0,30
1790,B,0,30
1791,A,0,30
1792,B,0,30
1793,B,0,30
1794,B,0,30
1795,B,0,30
1796,B,0,30
1797,B,0,30
1798,A,0,30
1799,B,0,30
1800,A,0,30
1801,B,0,30
1802,B,0,30
1803,A,0,30
1804,A,0,30
1805,B,0,30
1806,A,0,30
1807,A,0,30
1808,B,1,31
1809,A,0,31
1810,A,0,31
1811,A,0,31
1812,A,0,31
1813,A,0,31
1814,A,0,31
1815,B,0,31
1816,B,0,31
1817,B,0,31
1818,B,0,31
1819,B,0,31
1820,A,0,31
1821,B,0,31
1822,A,0,31
1823,A,0,31
1824,B,0,31
1825,B,0,31
1826,B,0,31
1827,B,0,31
1828,B,0,31
1829,A,0,31
1830,A,0,31
1831,B,0,31
1832,B,0,31
1833,B,0,31
1834,B,0,31
1835,B,0,31
1836,B,0,31
1837,A,1,32
1838,B,0,32
1839,B,0,32
1840,A,0,32
1841,B,0,32
1842,B,0,32
1843,B,0,32
1844,B,0,32
1845,A,0,32
1846,A,0,32
1847,B,0,32
1848,B,0,32
1849,B,0,32
1850,A,0,32
1851,A,0,32
1852,B,0,32
1853,B,0,32
1854,B,0,32
1855,B,0,32
1856,A,0,32
1857,B,0,32
1858,A,0,32
1859,B,0,32
1860,B,0,32
1861,A,0,32
1862,A,0,32
1863,A,0,32
1864,A,0,32
1865,B,0,32
1866,B,0,32
1867,A,0,32
1868,A,0,32
1869,A,0,32
1870,A,0,32
1871,B,0,32
1872,A,0,32
1873,B,0,32
1874,A,0,32
1875,B,1,33
1876,A,0,33
1877,B,0,33
1878,A,0,33
1879,A,0,33
1880,A,0,33
1881,B,0,33
1882,B,0,33
1883,B,0,33
1884,A,0,33
1885,A,0,33
1886,B,0,33
1887,A,0,33
1888,A,0,33
1889,A,0,33
1890,A,0,33
1891,B,0,33
1892,A,0,33
1893,A,0,33
1894,A,0,33
1895,A,0,33
1896,B,0,33
1897,B,0,33
1898,A,0,33
1899,A,0,33
1900,A,0,33
1901,A,0,33
1902,A,0,33
1903,A,0,33
1904,B,0,33
1905,B,0,33
1906,B,0,33
1907,B,0,33
1908,A,0,33
1909,B,0,33
1910,A,0,33
1911,B,0,33
1912,A,0,33
1913,A,0,33
1914,B,0,33
1915,A,0,33
1916,A,0,33
1917,B,0,33
1918,B,0,33
1919,B,0,33
1920,B,0,33
1921,B,0,33
1922,B,0,33
1923,B,0,33
1924,B,0,33
1925,A,0,33
1926,B,0,33
1927,B,0,33
1928,B,0,33
1929,A,0,33
1930,B,0,33
1931,A,0,33
1932,B,0,33
1933,A,0,33
1934,B,0,33
1935,B,0,33
1936,B,0,33
1937,A,0,33
1938,A,0,33
1939,B,0,33
1940,B,0,33
1941,B,0,33
1942,B,0,33
1943,B,0,33
1944,B,0,33
1945,B,0,33
1946,A,0,33
1947,B,0,33
1948,A,0,33
1949,A,0,33
1950,A,0,33
1951,A,0,33
1952,B,0,33
1953,A,0,33
1954,A,0,33
1955,A,0,33
1956,B,0,33
1957,A,0,33
1958,B,0,33
1959,A,0,33
1960,A,0,33
1961,A,0,33
1962,A,1,34
1963,A,0,34
1964,A,0,34
1965,A,0,34
1966,A,0,34
1967,B,0,34
1968,B,0,34
1969,A,0,34
1970,B,0,34
1971,B,0,34
1972,B,0,34
1973,A,0,34
1974,B,0,34
1975,A,0,34
1976,B,0,34
1977,A,0,34
1978,B,0,34
1979,A,1,35
1980,A,0,35
1981,B,0,35
1982,A,0,35
1983,A,0,35
1984,A,0,35
1985,A,0,35
1986,B,0,35
1987,B,0,35
1988,A,0,35
1989,A,0,35
1990,A,0,35
1991,B,0,35
1992,A,0,35
1993,B,0,35
1994,B,0,35
1995,B,0,35
1996,B,0,35
1997,A,0,35
1998,B,0,35
1999,B,0,35
2000,A,0,35
2001,B,0,35
2002,B,0,35
2003,A,0,35
2004,A,0,35
2005,B,0,35
2006,A,0,35
2007,B,0,35
2008,A,0,35
2009,A,0,35
2010,B,0,35
2011,B,0,35
2012,A,0,35
2013,B,0,35
2014,B,0,35
2015,A,0,35
2016,A,0,35
2017,B,0,35
2018,B,0,35
2019,A,0,35
2020,B,0,35
2021,B,0,35
2022,A,0,35
2023,B,0,35
2024,A,0,35
2025,B,0,35
2026,B,0,35
2027,B,0,35
2028,B,0,35
2029,A,0,35
2030,A,0,35
2031,B,0,35
2032,A,0,35
2033,B,0,35
2034,A,0,35
2035,A,0,35
2036,B,0,35
2037,B,0,35
2038,A,0,35
2039,B,0,35
2040,A,0,35
2041,B,0,35
2042,B,0,35
2043,B,0,35
2044,B,0,35
2045,A,0,35
2046,A,0,35
2047,B,0,35
2048,B,0,35
2049,B,0,35
2050,B,0,35
2051,B,1,36
2052,A,0,36
2053,B,0,36
2054,B,0,36
2055,B,0,36
2056,B,0,36
2057,A,0,36
2058,B,0,36
2059,A,0,36
2060,A,0,36
2061,A,0,36
2062,A,0,36
2063,A,0,36
2064,A,0,36
2065,B,0,36
2066,B,0,36
2067,A,0,36
2068,A,0,36
2069,A,0,36
2070,B,0,36
2071,A,0,36
2072,B,0,36
2073,B,0,36
2074,B,0,36
2075,A,0,36
2076,A,0,36
2077,B,0,36
2078,A,0,36
2079,A,0,36
2080,B,0,36
2081,B,0,36
2082,A,0,36
2083,B,0,36
2084,A,0,36
2085,A,0,36
2086,A,0,36
2087,B,0,36
2088,A,0,36
2089,A,0,36
2090,B,0,36
2091,B,0,36
2092,B,0,36
2093,B,0,36
2094,A,0,36
2095,B,0,36
2096,B,0,36
2097,A,0,36
2098,B,0,36
2099,B,0,36
2100,B,0,36
2101,B,0,36
2102,A,0,36
2103,B,0,36
2104,B,0,36
2105,B,0,36
2106,A,0,36
2107,B,0,36
2108,A,0,36
2109,B,0,36
2110,B,0,36
2111,B,0,36
2112,B,0,36
2113,B,1,37
2114,A,0,37
2115,A,0,37
2116,B,0,37
2117,A,0,37
2118,A,0,37
2119,A,0,37
2120,B,0,37
2121,A,1,38
2122,A,0,38
2123,B,1,39
2124,B,0,39
2125,A,0,39
2126,B,0,39
2127,B,1,40
2128,A,0,40
2129,B,0,40
2130,B,0,40
2131,B,0,40
2132,A,0,40
2133,B,0,40
2134,A,0,40
2135,B,0,40
2136,A,0,40
2137,A,0,40
2138,B,0,40
2139,B,0,40
2140,B,0,40
2141,B,0,40
2142,B,0,40
2143,A,0,40
2144,A,0,40
2145,B,0,40
2146,A,0,40
2147,B,0,40
2148,A,0,40
2149,A,0,40
2150,A,0,40
2151,B,0,40
2152,A,0,40
2153,B,0,40
2154,A,1,41
2155,A,0,41
2156,A,0,41
2157,A,0,41
2158,A,0,41
2159,B,0,41
2160,B,0,41
2161,B,0,41
2162,A,0,41
2163,B,0,41
2164,A,0,41
2165,A,0,41
2166,A,0,41
2167,B,0,41
2168,A,0,41
2169,B,0,41
2170,A,0,41
2171,B,0,41
2172,A,0,41
2173,B,0,41
2174,A,0,41
2175,B,0,41
2176,B,0,41
2177,B,0,41
2178,B,0,41
2179,A,0,41
2180,A,0,41
2181,B,0,41
2182,B,0,41
2183,B,0,41
2184,B,0,41
2185,A,0,41
2186,A,0,41
2187,A,0,41
2188,A,0,41
2189,A,0,41
2190,B,0,41
2191,A,0,41
2192,B,0,41
2193,A,0,41
2194,B,0,41
2195,A,0,41
2196,A,0,41
2197,B,0,41
2198,A,0,41
2199,A,0,41
2200,B,0,41
2201,B,0,41
2202,B,0,41
2203,A,0,41
2204,A,0,41
2205,A,0,41
2206,B,0,41
2207,A,0,41
2208,B,0,41
2209,A,0,41
2210,A,0,41
2211,B,0,41
2212,A,0,41
2213,A,0,41
2214,A,0,41
2215,B,0,41
2216,A,0,41
2217,B,0,41
2218,B,0,41
2219,B,0,41
2220,B,0,41
2221,A,0,41
2222,A,1,42
2223,B,0,42
2224,B,0,42
2225,B,0,42
2226,A,0,42
2227,B,0,42
2228,A,0,42
2229,A,0,42
2230,A,0,42
2231,B,0,42
2232,B,0,42
2233,B,0,42
2234,B,0,42
2235,B,0,42
2236,B,0,42
2237,A,0,42
2238,A,0,42
2239,A,0,42
2240,B,0,42
2241,B,0,42
2242,B,0,42
2243,B,0,42
2244,B,0,42
2245,B,0,42
2246,A,0,42
2247,A,0,42
2248,B,0,42
2249,B,0,42
2250,A,0,42
2251,A,0,42
2252,B,0,42
2253,B,0,42
2254,B,0,42
2255,A,0,42
2256,B,0,42
2257,A,0,42
2258,A,0,42
2259,B,0,42
2260,A,0,42
2261,A,0,42
2262,B,0,42
2263,B,0,42
2264,B,0,42
2265,A,0,42
2266,B,0,42
2267,A,0,42
2268,B,0,42
2269,B,0,42
2270,B,0,42
2271,A,0,42
2272,B,0,42
2273,A,0,42
2274,A,0,42
2275,B,0,42
2276,B,0,42
2277,A,0,42
2278,B,0,42
2279,A,0,42
2280,A,0,42
2281,B,0,42
2282,A,0,42
2283,B,0,42
2284,A,0,42
2285,A,0,42
2286,A,0,42
2287,B,0,42
2288,A,0,42
2289,B,0,42
2290,B,0,42
2291,B,0,42
2292,A,0,42
2293,B,0,42
2294,B,0,42
2295,A,0,42
2296,B,0,42
2297,B,0,42
2298,B,0,42
2299,A,0,42
2300,B,0,42
2301,A,0,42
2302,A,0,42
2303,A,0,42
2304,A,0,42
2305,B,0,42
2306,B,0,42
2307,A,0,42
2308,B,0,42
2309,A,0,42
2310,A,0,42
2311,B,0,42
2312,A,0,42
2313,A,0,42
2314,A,0,42
2315,A,0,42
2316,B,0,42
2317,A,0,42
2318,B,0,42
2319,A,0,42
2320,B,0,42
2321,A,0,42
2322,B,0,42
2323,A,0,42
2324,B,0,42
2325,B,0,42
2326,A,0,42
2327,A,0,42
2328,A,0,42
2329,B,0,42
2330,B,0,42
2331,B,1,43
2332,A,0,43
2333,A,0,43
2334,B,0,43
2335,A,0,43
2336,B,0,43
2337,A,0,43
2338,B,0,43
2339,A,0,43
2340,B,0,43
2341,B,0,43
2342,B,0,43
2343,A,0,43
2344,B,0,43
2345,B,0,43
2346,B,0,43
2347,A,0,43
2348,B,0,43
2349,B,0,43
2350,A,0,43
2351,B,0,43
2352,A,0,43
2353,B,0,43
2354,A,0,43
2355,A,0,43
2356,A,0,43
2357,A,0,43
2358,B,0,43
2359,B,0,43
2360,A,0,43
2361,A,0,43
2362,B,0,43
2363,B,0,43
2364,A,0,43
2365,B,0,43
2366,B,0,43
2367,B,0,43
2368,A,0,43
2369,B,0,43
2370,B,0,43
2371,B,0,43
2372,A,0,43
2373,A,0,43
2374,B,0,43
2375,A,0,43
2376,A,0,43
2377,A,0,43
2378,A,0,43
2379,B,0,43
2380,B,0,43
2381,B,0,43
2382,B,0,43
2383,A,0,43
2384,B,0,43
2385,A,0,43
2386,A,0,43
2387,A,0,43
2388,A,0,43
2389,B,0,43
2390,B,0,43
2391,B,0,43
2392,A,0,43
2393,B,0,43
2394,B,0,43
2395,B,0,43
2396,A,0,43
2397,A,0,43
2398,B,0,43
2399,A,0,43
2400,A,0,43
2401,B,0,43
2402,A,0,43
2403,A,0,43
2404,A,0,43
2405,B,0,43
2406,A,0,43
2407,A,0,43
2408,B,0,43
2409,B,0,43
2410,A,0,43
2411,A,0,43
2412,A,0,43
2413,B,0,43
2414,A,0,43
2415,A,0,43
2416,A,0,43
2417,A,0,43
2418,A,0,43
2419,A,0,43
2420,A,0,43
2421,B,0,43
2422,B,0,43
2423,A,0,43
2424,A,0,43
2425,A,0,43
2426,B,0,43
2427,A,1,44
2428,B,0,44
2429,B,0,44
2430,A,0,44
2431,B,0,44
2432,B,0,44
2433,A,0,44
2434,A,0,44
2435,A,0,44
2436,A,0,44
2437,B,0,44
2438,B,0,44
2439,B,0,44
2440,B,0,44
2441,A,0,44
2442,A,0,44
2443,B,0,44
2444,A,0,44
2445,A,0,44
2446,A,0,44
2447,B,0,44
2448,B,0,44
2449,B,0,44
2450,B,0,44
2451,A,0,44
2452,B,0,44
2453,B,0,44
2454,B,0,44
2455,A,0,44
2456,B,0,44
2457,A,0,44
2458,A,0,44
2459,A,0,44
2460,A,0,44
2461,B,0,44
2462,B,0,44
2463,B,0,44
2464,B,0,44
2465,B,0,44
2466,B,0,44
2467,B,0,44
2468,A,0,44
2469,A,0,44
2470,A,0,44
2471,B,0,44
2472,B,0,44
2473,B,0,44
2474,A,0,44
2475,B,0,44
2476,B,0,44
2477,B,0,44
2478,B,0,44
2479,B,0,44
2480,A,0,44
2481,A,0,44
2482,B,0,44
2483,A,0,44
2484,A,0,44
2485,A,0,44
2486,A,0,44
2487,B,0,44
2488,A,0,44
2489,B,0,44
2490,A,0,44
2491,A,0,44
2492,B,0,44
2493,B,0,44
2494,A,0,44
2495,B,0,44
2496,B,0,44
2497,B,0,44
2498,B,0,44
2499,A,0,44
2500,B,0,44
2501,B,0,44
2502,A,0,44
2503,B,0,44
2504,B,0,44
2505,B,0,44
2506,A,0,44
2507,A,0,44
2508,B,0,44
2509,A,0,44
2510,A,0,44
2511,B,0,44
2512,A,0,44
2513,A,0,44
2514,B,0,44
2515,A,0,44
2516,A,0,44
2517,B,1,45
2518,B,0,45
2519,A,0,45
2520,A,0,45
2521,B,0,45
2522,B,0,45
2523,A,0,45
2524,A,0,45
2525,B,0,45
2526,B,0,45
2527,A,0,45
2528,A,0,45
2529,A,0,45
2530,B,0,45
2531,A,0,45
2532,B,0,45
2533,A,0,45
2534,A,0,45
2535,A,0,45
2536,B,0,45
2537,B,0,45
2538,B,0,45
2539,A,0,45
2540,B,0,45
2541,A,0,45
2542,A,0,45
2543,B,0,45
2544,B,1,46
2545,B,0,46
2546,A,0,46
2547,A,0,46
2548,B,0,46
2549,B,0,46
2550,B,0,46
2551,B,0,46
2552,A,0,46
2553,A,0,46
2554,A,0,46
2555,B,0,46
2556,B,0,46
2557,B,0,46
2558,A,0,46
2559,B,0,46
2560,B,0,46
2561,A,0,46
2562,B,0,46
2563,B,0,46
2564,B,1,47
2565,B,0,47
2566,B,0,47
2567,B,0,47
2568,B,0,47
2569,A,1,48
2570,B,0,48
2571,B,0,48
2572,A,0,48
2573,B,0,48
2574,A,0,48
2575,B,0,48
2576,B,0,48
2577,A,0,48
2578,B,0,48
2579,A,0,48
2580,B,0,48
2581,A,0,48
2582,B,0,48
2583,B,0,48
2584,A,0,48
2585,B,0,48
2586,B,0,48
2587,A,0,48
2588,B,1,49
2589,A,0,49
2590,B,0,49
2591,B,0,49
2592,A,0,49
2593,B,0,49
2594,B,0,49
2595,B,0,49
2596,B,0,49
2597,B,0,49
2598,A,0,49
2599,A,0,49
2600,A,0,49
2601,B,0,49
2602,A,0,49
2603,A,0,49
2604,A,0,49
2605,A,0,49
2606,A,0,49
2607,B,0,49
2608,A,0,49
2609,B,0,49
2610,B,0,49
2611,A,0,49
2612,A,0,49
2613,B,0,49
2614,A,0,49
2615,B,0,49
2616,A,0,49
2617,B,0,49
2618,A,0,49
2619,B,0,49
2620,B,0,49
2621,B,0,49
2622,A,0,49
2623,B,0,49
2624,B,0,49
2625,A,0,49
2626,B,0,49
2627,B,0,49
2628,B,0,49
2629,A,0,49
2630,A,0,49
2631,A,0,49
2632,B,0,49
2633,A,0,49
2634,A,0,49
2635,B,0,49
2636,B,0,49
2637,B,0,49
2638,A,0,49
2639,A,0,49
2640,A,0,49
2641,A,0,49
2642,B,0,49
2643,B,0,49
2644,A,0,49
2645,B,0,49
2646,A,0,49
2647,A,0,49
2648,B,0,49
2649,B,0,49
2650,A,0,49
2651,B,0,49
2652,A,0,49
2653,A,0,49
2654,A,0,49
2655,B,0,49
2656,A,0,49
2657,B,0,49
2658,A,0,49
2659,A,0,49
2660,B,0,49
2661,A,0,49
2662,A,0,49
2663,B,0,49
2664,B,0,49
2665,B,0,49
2666,A,0,49
2667,B,0,49
2668,A,0,49
2669,A,0,49
2670,B,0,49
2671,A,0,49
2672,A,0,49
2673,A,0,49
2674,B,0,49
2675,A,0,49
2676,A,0,49
2677,A,0,49
2678,A,0,49
2679,A,0,49
2680,B,0,49
2681,A,0,49
2682,B,0,49
2683,B,0,49
2684,B,0,49
2685,A,0,49
2686,A,0,49
2687,B,0,49
2688,B,0,49
2689,B,0,49
2690,A,0,49
2691,B,0,49
2692,A,0,49
2693,B,0,49
2694,A,0,49
2695,A,0,49
2696,B,0,49
2697,B,0,49
2698,A,0,49
2699,B,0,49
2700,A,0,49
2701,B,0,49
2702,B,0,49
2703,B,0,49
2704,B,0,49
2705,A,0,49
2706,B,0,49
2707,A,0,49
2708,A,0,49
2709,A,0,49
2710,B,0,49
2711,B,0,49
2712,B,0,49
2713,B,0,49
2714,B,0,49
2715,B,0,49
2716,A,0,49
2717,A,0,49
2718,A,0,49
2719,A,0,49
2720,B,0,49
2721,A,0,49
2722,A,0,49
2723,A,0,49
2724,B,0,49
2725,B,0,49
2726,B,0,49
2727,B,0,49
2728,B,0,49
2729,A,0,49
2730,A,0,49
2731,B,0,49
2732,A,0,49
2733,A,0,49
2734,A,0,49
2735,A,0,49
2736,B,1,50
2737,B,0,50
2738,A,0,50
2739,A,0,50
2740,B,0,50
2741,A,0,50
2742,A,0,50
2743,B,0,50
2744,B,0,50
2745,A,0,50
2746,A,0,50
2747,A,0,50
2748,B,0,50
2749,A,1,51
2750,B,0,51
2751,B,0,51
2752,B,0,51
2753,B,0,51
2754,A,0,51
2755,B,0,51
2756,B,1,52
2757,B,0,52
2758,A,0,52
2759,A,0,52
2760,B,0,52
2761,A,0,52
2762,A,0,52
2763,A,0,52
2764,B,0,52
2765,B,0,52
2766,A,0,52
2767,A,0,52
2768,B,0,52
2769,A,0,52
2770,A,0,52
2771,A,0,52
2772,A,0,52
2773,A,0,52
2774,B,0,52
2775,B,0,52
2776,B,0,52
2777,B,0,52
2778,B,0,52
2779,B,0,52
2780,A,0,52
2781,A,0,52
2782,A,0,52
2783,B,0,52
2784,A,0,52
2785,A,0,52
2786,A,0,52
2787,B,0,52
2788,A,0,52
2789,A,0,52
2790,B,0,52
2791,A,0,52
2792,A,0,52
2793,A,0,52
2794,B,0,52
2795,A,0,52
2796,B,0,52
2797,A,0,52
2798,A,0,52
2799,B,0,52
2800,A,0,52
2801,B,0,52
2802,A,0,52
2803,B,0,52
2804,B,0,52
2805,B,0,52
2806,A,0,52
2807,A,0,52
2808,A,0,52
2809,A,0,52
2810,A,0,52
2811,A,0,52
2812,A,0,52
2813,B,0,52
2814,A,0,52
2815,B,0,52
2816,A,0,52
2817,A,0,52
2818,B,0,52
2819,A,0,52
2820,B,0,52
2821,A,0,52
2822,A,0,52
2823,A,0,52
2824,A,0,52
2825,B,0,52
2826,A,1,53
2827,B,0,53
2828,A,0,53
2829,B,0,53
2830,B,0,53
2831,B,0,53
2832,B,0,53
2833,A,0,53
2834,B,0,53
2835,A,0,53
2836,B,0,53
2837,B,1,54
2838,A,0,54
2839,A,0,54
2840,A,0,54
2841,B,0,54
2842,A,0,54
2843,B,0,54
2844,A,0,54
2845,B,0,54
2846,B,0,54
2847,B,0,54
2848,A,0,54
2849,B,0,54
2850,A,0,54
2851,B,0,54
2852,A,0,54
2853,A,0,54
2854,B,0,54
2855,B,0,54
2856,B,0,54
2857,A,0,54
2858,A,0,54
2859,A,0,54
2860,B,0,54
2861,A,0,54
2862,B,0,54
2863,A,0,54
2864,B,0,54
2865,B,0,54
2866,A,0,54
2867,A,0,54
2868,B,0,54
2869,B,0,54
2870,B,0,54
2871,A,0,54
2872,A,0,54
2873,B,0,54
2874,A,0,54
2875,B,0,54
2876,B,0,54
2877,A,0,54
2878,A,0,54
2879,B,0,54
2880,A,0,54
2881,B,0,54
2882,A,0,54
2883,B,0,54
2884,A,0,54
2885,B,0,54
2886,A,0,54
2887,A,0,54
2888,B,0,54
2889,B,0,54
2890,B,0,54
2891,B,0,54
2892,B,0,54
2893,A,0,54
2894,A,0,54
2895,B,0,54
2896,B,0,54
2897,A,0,54
2898,B,0,54
2899,A,0,54
2900,B,0,54
2901,A,0,54
2902,A,0,54
2903,B,0,54
2904,A,0,54
2905,A,0,54
2906,B,0,54
2907,B,0,54
2908,A,0,54
2909,A,0,54
2910,B,0,54
2911,A,0,54
2912,B,0,54
2913,B,0,54
2914,B,0,54
2915,B,0,54
2916,A,0,54
2917,B,0,54
2918,B,0,54
2919,A,0,54
2920,B,0,54
2921,B,0,54
2922,B,0,54
2923,B,0,54
2924,A,0,54
2925,A,1,55
2926,B,0,55
2927,A,0,55
2928,A,0,55
2929,A,0,55
2930,A,0,55
2931,A,0,55
2932,A,0,55
2933,B,1,56
2934,B,0,56
2935,A,0,56
2936,B,0,56
2937,A,0,56
2938,B,0,56
2939,A,0,56
2940,A,0,56
2941,B,0,56
2942,A,0,56
2943,A,0,56
2944,B,0,56
2945,B,0,56
2946,A,0,56
2947,A,0,56
2948,A,0,56
2949,B,0,56
2950,B,0,56
2951,A,0,56
2952,B,0,56
2953,B,0,56
2954,B,0,56
2955,A,0,56
2956,A,0,56
2957,B,0,56
2958,A,0,56
2959,B,0,56
2960,A,0,56
2961,B,0,56
2962,B,0,56
2963,B,0,56
2964,A,0,56
2965,B,0,56
2966,A,0,56
2967,A,0,56
2968,B,0,56
2969,B,0,56
2970,B,0,56
2971,A,0,56
2972,B,0,56
2973,B,0,56
2974,B,0,56
2975,A,0,56
2976,B,0,56
2977,B,0,56
2978,B,0,56
2979,A,0,56
2980,A,0,56
2981,A,0,56
2982,A,0,56
2983,B,0,56
2984,B,0,56
2985,A,0,56
2986,B,0,56
2987,B,0,56
2988,A,0,56
2989,A,0,56
2990,B,0,56
2991,A,1,57
2992,B,0,57
2993,A,0,57
2994,A,0,57
2995,A,0,57
2996,B,0,57
2997,A,0,57
2998,A,0,57
2999,A,0,57
3000,A,0,57
3001,A,0,57
3002,B,0,57
3003,B,0,57
3004,A,0,57
3005,A,0,57
3006,B,0,57
3007,B,0,57
3008,A,0,57
3009,B,0,57
3010,A,0,57
3011,B,0,57
3012,B,0,57
3013,A,0,57
3014,A,0,57
3015,A,0,57
3016,A,0,57
3017,B,0,57
3018,A,0,57
3019,B,0,57
3020,A,0,57
3021,B,0,57
3022,A,0,57
3023,A,0,57
3024,A,0,57
3025,A,0,57
3026,A,0,57
3027,A,0,57
3028,B,0,57
3029,A,0,57
3030,B,0,57
3031,A,0,57
3032,B,0,57
3033,A,0,57
3034,B,0,57
3035,A,0,57
3036,A,0,57
3037,B,0,57
3038,B,0,57
3039,A,0,57
3040,B,0,57
3041,A,0,57
3042,B,0,57
3043,A,0,57
3044,A,0,57
3045,B,0,57
3046,B,0,57
3047,A,0,57
3048,B,0,57
3049,A,0,57
3050,B,0,57
3051,B,0,57
3052,B,0,57
3053,B,0,57
3054,A,0,57
3055,B,0,57
3056,B,0,57
3057,B,0,57
3058,B,0,57
3059,B,0,57
3060,A,0,57
3061,B,0,57
3062,B,0,57
3063,B,0,57
3064,A,0,57
3065,A,0,57
3066,B,0,57
3067,B,0,57
3068,A,0,57
3069,B,0,57
3070,A,0,57
3071,B,0,57
3072,B,0,57
3073,A,0,57
3074,A,0,57
3075,B,0,57
3076,A,0,57
3077,A,0,57
3078,A,0,57
3079,A,0,57
3080,B,0,57
3081,A,0,57
3082,A,0,57
3083,A,0,57
3084,B,0,57
3085,A,0,57
3086,B,0,57
3087,B,0,57
3088,B,0,57
3089,B,0,57
3090,A,0,57
3091,B,0,57
3092,B,0,57
3093,A,0,57
3094,B,0,57
3095,A,0,57
3096,A,0,57
3097,B,0,57
3098,A,0,57
3099,A,0,57
3100,B,0,57
3101,B,0,57
3102,A,0,57
3103,A,0,57
3104,B,0,57
3105,A,0,57
3106,A,0,57
3107,B,0,57
3108,B,0,57
3109,B,0,57
3110,A,0,57
3111,B,0,57
3112,A,0,57
3113,B,0,57
3114,B,0,57
3115,A,0,57
3116,A,0,57
3117,B,0,57
3118,B,0,57
3119,A,0,57
3120,A,0,57
3121,A,0,57
3122,B,0,57
3123,A,0,57
3124,A,0,57
3125,A,0,57
3126,A,0,57
3127,B,0,57
3128,B,0,57
3129,B,0,57
3130,B,0,57
3131,A,0,57
3132,B,0,57
3133,B,0,57
3134,B,0,57
3135,B,0,57
3136,B,0,57
3137,A,0,57
3138,B,0,57
3139,A,0,57
3140,A,0,57
3141,B,0,57
3142,A,0,57
3143,B,0,57
3144,B,0,57
3145,B,0,57
3146,B,0,57
3147,A,0,57
3148,A,0,57
3149,B,0,57
3150,A,0,57
3151,A,0,57
3152,B,0,57
3153,B,0,57
3154,B,0,57
3155,B,0,57
3156,B,0,57
3157,A,0,57
3158,B,0,57
3159,B,0,57
3160,B,0,57
3161,B,0,57
3162,A,0,57
3163,A,0,57
3164,A,0,57
3165,B,0,57
3166,B,0,57
3167,B,0,57
3168,A,0,57
3169,B,0,57
3170,B,0,57
3171,B,0,57
3172,A,0,57
3173,B,0,57
3174,A,0,57
3175,B,0,57
3176,A,0,57
3177,A,0,57
3178,A,0,57
3179,B,0,57
3180,B,0,57
3181,B,0,57
3182,A,0,57
3183,A,0,57
3184,B,0,57
3185,B,0,57
3186,B,0,57
3187,A,0,57
3188,A,0,57
3189,A,0,57
3190,A,0,57
3191,A,0,57
3192,A,0,57
3193,B,0,57
3194,B,0,57
3195,B,0,57
3196,A,0,57
3197,B,0,57
3198,B,0,57
3199,B,0,57
3200,B,0,57
3201,B,0,57
3202,A,0,57
3203,B,0,57
3204,A,0,57
3205,A,0,57
3206,A,0,57
3207,A,0,57
3208,A,1,58
3209,B,0,58
3210,A,0,58
3211,A,0,58
3212,B,1,59
3213,A,0,59
3214,B,0,59
3215,B,0,59
3216,A,0,59
3217,B,0,59
3218,B,0,59
3219,B,0,59
3220,B,0,59
3221,B,0,59
3222,B,0,59
3223,A,0,59
3224,A,0,59
3225,B,0,59
3226,B,0,59
3227,A,0,59
3228,B,0,59
3229,A,0,59
3230,B,0,59
3231,A,0,59
3232,A,0,59
3233,A,0,59
3234,B,0,59
3235,A,0,59
3236,B,0,59
3237,A,0,59
3238,B,0,59
3239,B,0,59
3240,A,0,59
3241,B,0,59
3242,A,0,59
3243,A,0,59
3244,A,0,59
3245,A,0,59
3246,A,0,59
3247,B,0,59
3248,A,0,59
3249,A,0,59
3250,A,0,59
3251,A,0,59
3252,A,0,59
3253,A,0,59
3254,B,0,59
3255,A,0,59
3256,B,0,59
3257,A,0,59
3258,B,0,59
3259,B,0,59
3260,B,0,59
3261,B,0,59
3262,B,0,59
3263,A,0,59
3264,B,0,59
3265,A,0,59
3266,B,0,59
3267,B,0,59
3268,B,0,59
3269,B,0,59
3270,B,0,59
3271,A,0,59
3272,B,0,59
3273,B,0,59
3274,B,0,59
3275,A,0,59
3276,A,0,59
3277,A,0,59
3278,B,0,59
3279,B,0,59
3280,B,0,59
3281,B,0,59
3282,A,0,59
3283,A,0,59
3284,A,0,59
3285,B,0,59
3286,A,0,59
3287,B,0,59
3288,A,0,59
3289,B,0,59
3290,B,0,59
3291,A,0,59
3292,A,0,59
3293,B,0,59
3294,B,0,59
3295,B,0,59
3296,B,0,59
3297,A,0,59
3298,B,0,59
3299,B,0,59
3300,B,0,59
3301,B,0,59
3302,B,0,59
3303,A,0,59
3304,B,0,59
3305,B,0,59
3306,A,0,59
3307,B,0,59
3308,B,0,59
3309,A,0,59
3310,A,0,59
3311,B,0,59
3312,B,0,59
3313,A,0,59
3314,B,1,60
3315,B,0,60
3316,A,0,60
3317,A,0,60
3318,B,0,60
3319,A,0,60
3320,A,0,60
3321,B,0,60
3322,A,0,60
3323,B,0,60
3324,A,0,60
3325,A,0,60
3326,B,0,60
3327,A,0,60
3328,A,0,60
3329,A,0,60
3330,A,1,61
3331,B,0,61
3332,A,0,61
3333,A,0,61
3334,B,0,61
3335,A,0,61
3336,A,0,61
3337,A,0,61
3338,A,0,61
3339,B,0,61
3340,A,0,61
3341,A,0,61
3342,A,0,61
3343,A,0,61
3344,A,0,61
3345,A,0,61
3346,A,0,61
3347,B,0,61
3348,B,0,61
3349,B,0,61
3350,A,0,61
3351,B,0,61
3352,B,0,61
3353,A,0,61
3354,A,0,61
3355,B,0,61
3356,A,0,61
3357,A,0,61
3358,B,0,61
3359,A,0,61
3360,A,0,61
3361,A,0,61
3362,A,0,61
3363,A,0,61
3364,A,0,61
3365,B,0,61
3366,B,0,61
3367,A,0,61
3368,B,0,61
3369,A,0,61
3370,B,0,61
3371,A,0,61
3372,B,0,61
3373,B,0,61
3374,B,1,62
3375,A,0,62
3376,A,0,62
3377,A,0,62
3378,A,0,62
3379,A,0,62
3380,B,0,62
3381,B,0,62
3382,B,0,62
3383,B,0,62
3384,A,0,62
3385,B,0,62
3386,B,0,62
3387,B,0,62
3388,B,0,62
3389,A,0,62
3390,A,0,62
3391,B,0,62
3392,B,0,62
3393,B,0,62
3394,B,0,62
3395,A,0,62
3396,B,0,62
3397,B,0,62
3398,B,0,62
3399,B,0,62
3400,B,0,62
3401,A,0,62
3402,A,0,62
3403,B,0,62
3404,A,0,62
3405,A,0,62
3406,B,0,62
3407,A,1,63
3408,B,0,63
3409,B,0,63
3410,A,0,63
3411,B,0,63
3412,B,0,63
3413,A,0,63
3414,B,0,63
3415,B,0,63
3416,A,0,63
3417,A,0,63
3418,A,0,63
3419,A,0,63
3420,A,0,63
3421,A,0,63
3422,A,0,63
3423,B,0,63
3424,A,0,63
3425,B,0,63
3426,B,0,63
3427,A,0,63
3428,A,0,63
3429,A,0,63
3430,B,0,63
3431,A,0,63
3432,B,0,63
3433,B,0,63
3434,B,0,63
3435,B,0,63
3436,A,0,63
3437,B,0,63
3438,B,0,63
3439,B,0,63
3440,B,0,63
3441,B,0,63
3442,B,0,63
3443,A,0,63
3444,A,0,63
3445,B,0,63
3446,A,0,63
3447,A,0,63
3448,B,0,63
3449,B,0,63
3450,B,0,63
3451,B,0,63
3452,A,0,63
3453,A,0,63
3454,B,0,63
3455,B,0,63
3456,A,0,63
3457,A,0,63
3458,A,0,63
3459,A,0,63
3460,B,0,63
3461,A,0,63
3462,A,0,63
3463,B,0,63
3464,A,0,63
3465,A,0,63
3466,B,0,63
3467,B,0,63
3468,B,0,63
3469,B,0,63
3470,B,0,63
3471,A,0,63
3472,B,0,63
3473,B,0,63
3474,A,0,63
3475,A,0,63
3476,A,0,63
3477,A,0,63
3478,A,0,63
3479,A,0,63
3480,A,0,63
3481,B,0,63
3482,B,0,63
3483,A,0,63
3484,A,0,63
3485,A,0,63
3486,B,0,63
3487,A,0,63
3488,A,0,63
3489,B,0,63
3490,A,0,63
3491,B,0,63
3492,A,0,63
3493,B,0,63
3494,A,0,63
3495,B,0,63
3496,B,0,63
3497,A,0,63
3498,B,0,63
3499,B,0,63
3500,A,0,63
3501,A,0,63
3502,A,0,63
3503,A,0,63
3504,A,0,63
3505,B,0,63
3506,B,0,63
3507,A,0,63
3508,A,0,63
3509,B,0,63
3510,A,0,63
3511,B,0,63
3512,B,0,63
3513,B,0,63
3514,A,0,63
3515,A,0,63
3516,A,0,63
3517,A,0,63
3518,B,1,64
3519,B,0,64
3520,A,0,64
3521,A,0,64
3522,A,0,64
3523,A,0,64
3524,A,0,64
3525,A,0,64
3526,B,0,64
3527,B,0,64
3528,A,0,64
3529,A,0,64
3530,A,0,64
3531,B,0,64
3532,A,0,64
3533,B,0,64
3534,B,0,64
3535,B,0,64
3536,A,0,64
3537,A,0,64
3538,A,0,64
3539,A,0,64
3540,A,0,64
3541,A,0,64
3542,B,0,64
3543,B,0,64
3544,B,0,64
3545,B,0,64
3546,A,0,64
3547,B,0,64
3548,B,0,64
3549,B,0,64
3550,A,0,64
3551,A,0,64
3552,B,0,64
3553,B,0,64
3554,B,0,64
3555,B,0,64
3556,B,0,64
3557,B,0,64
3558,B,0,64
3559,A,0,64
3560,A,0,64
3561,B,0,64
3562,A,0,64
3563,A,0,64
3564,B,0,64
3565,B,0,64
3566,B,0,64
3567,A,0,64
3568,B,0,64
3569,A,0,64
3570,B,0,64
3571,B,0,64
3572,A,0,64
3573,A,0,64
3574,A,0,64
3575,A,0,64
3576,B,0,64
3577,B,0,64
3578,B,0,64
3579,A,0,64
3580,B,0,64
3581,A,0,64
3582,A,0,64
3583,B,0,64
3584,B,0,64
3585,B,0,64
3586,B,0,64
3587,A,0,64
3588,A,0,64
3589,B,0,64
3590,A,0,64
3591,B,0,64
3592,B,0,64
3593,B,0,64
3594,A,0,64
3595,A,0,64
3596,A,0,64
3597,B,0,64
3598,A,0,64
3599,A,0,64
3600,B,0,64
3601,B,0,64
3602,A,0,64
3603,B,0,64
3604,B,0,64
3605,A,0,64
3606,A,0,64
3607,B,0,64
3608,A,0,64
3609,A,0,64
3610,A,0,64
3611,A,0,64
3612,A,0,64
3613,A,0,64
3614,A,0,64
3615,A,0,64
3616,A,0,64
3617,A,0,64
3618,B,0,64
3619,B,0,64
3620,A,0,64
3621,B,0,64
3622,B,0,64
3623,B,0,64
3624,B,0,64
3625,A,0,64
3626,B,0,64
3627,B,0,64
3628,A,0,64
3629,B,0,64
3630,B,0,64
3631,B,0,64
3632,B,0,64
3633,B,0,64
3634,A,0,64
3635,A,0,64
3636,B,0,64
3637,A,0,64
3638,B,0,64
3639,A,0,64
3640,B,0,64
3641,A,0,64
3642,B,0,64
3643,B,0,64
3644,B,0,64
3645,B,0,64
3646,B,0,64
3647,A,0,64
3648,A,0,64
3649,A,0,64
3650,B,0,64
3651,B,0,64
3652,A,0,64
3653,B,0,64
3654,B,0,64
3655,B,0,64
3656,A,1,65
3657,A,0,65
3658,B,0,65
3659,A,0,65
3660,B,0,65
3661,A,0,65
3662,A,0,65
3663,A,0,65
3664,A,0,65
3665,B,0,65
3666,A,0,65
3667,B,0,65
3668,A,0,65
3669,A,0,65
3670,A,0,65
3671,B,0,65
3672,B,0,65
3673,B,0,65
3674,B,0,65
3675,A,0,65
3676,A,0,65
3677,A,0,65
3678,A,0,65
3679,B,0,65
3680,A,0,65
3681,A,0,65
3682,A,0,65
3683,A,0,65
3684,A,0,65
3685,A,0,65
3686,B,0,65
3687,B,0,65
3688,A,0,65
3689,B,0,65
3690,B,0,65
3691,B,0,65
3692,B,0,65
3693,B,0,65
3694,B,0,65
3695,A,0,65
3696,A,0,65
3697,A,0,65
3698,B,0,65
3699,A,0,65
3700,B,0,65
3701,B,0,65
3702,A,0,65
3703,A,0,65
3704,A,0,65
3705,A,0,65
3706,B,0,65
3707,A,0,65
3708,B,0,65
3709,B,0,65
3710,B,0,65
3711,A,0,65
3712,A,0,65
3713,B,1,66
3714,A,0,66
3715,A,0,66
3716,B,0,66
3717,A,0,66
3718,B,0,66
3719,B,0,66
3720,A,0,66
3721,A,0,66
3722,B,0,66
3723,A,0,66
3724,B,0,66
3725,A,0,66
3726,B,0,66
3727,B,0,66
3728,B,0,66
3729,B,0,66
3730,B,0,66
3731,A,0,66
3732,B,0,66
3733,A,0,66
3734,A,0,66
3735,B,0,66
3736,B,0,66
3737,B,0,66
3738,B,0,66
3739,B,0,66
3740,B,1,67
3741,A,0,67
3742,A,0,67
3743,B,0,67
3744,B,0,67
3745,A,0,67
3746,B,0,67
3747,B,0,67
3748,A,0,67
3749,B,0,67
3750,B,0,67
3751,B,0,67
3752,B,0,67
3753,A,0,67
3754,A,0,67
3755,A,0,67
3756,A,0,67
3757,A,0,67
3758,A,0,67
3759,B,0,67
3760,B,0,67
3761,B,0,67
3762,A,0,67
3763,B,0,67
3764,B,0,67
3765,B,0,67
3766,A,0,67
3767,A,0,67
3768,A,0,67
3769,B,0,67
3770,A,0,67
3771,A,0,67
3772,A,0,67
3773,A,0,67
3774,B,0,67
3775,B,0,67
3776,A,0,67
3777,B,0,67
3778,A,0,67
3779,B,0,67
3780,A,0,67
3781,A,0,67
3782,B,0,67
3783,A,0,67
3784,A,0,67
3785,B,0,67
3786,A,0,67
3787,B,0,67
3788,B,0,67
3789,B,0,67
3790,A,0,67
3791,B,0,67
3792,A,0,67
3793,B,0,67
3794,B,0,67
3795,B,0,67
3796,B,0,67
3797,B,0,67
3798,A,0,67
3799,A,0,67
3800,B,0,67
3801,A,0,67
3802,A,1,68
3803,B,0,68
3804,A,0,68
3805,A,0,68
3806,A,0,68
3807,B,0,68
3808,B,0,68
3809,A,0,68
3810,B,0,68
3811,B,0,68
3812,B,0,68
3813,A,0,68
3814,B,0,68
3815,A,0,68
3816,A,0,68
3817,A,0,68
3818,B,0,68
3819,A,0,68
3820,B,0,68
3821,A,0,68
3822,B,0,68
3823,B,0,68
3824,B,0,68
3825,A,0,68
3826,B,0,68
3827,B,0,68
3828,A,0,68
3829,B,0,68
3830,A,0,68
3831,A,0,68
3832,B,0,68
3833,A,0,68
3834,B,0,68
3835,A,0,68
3836,A,0,68
3837,B,0,68
3838,B,0,68
3839,B,0,68
3840,A,0,68
3841,A,0,68
3842,B,0,68
3843,B,0,68
3844,A,0,68
3845,B,1,69
3846,B,0,69
3847,B,0,69
3848,A,0,69
3849,A,0,69
3850,B,0,69
3851,B,0,69
3852,A,0,69
3853,B,0,69
3854,A,0,69
3855,A,0,69
3856,A,0,69
3857,B,0,69
3858,A,0,69
3859,A,0,69
3860,A,0,69
3861,A,0,69
3862,A,0,69
3863,B,0,69
3864,B,0,69
3865,A,0,69
3866,B,0,69
3867,B,0,69
3868,A,0,69
3869,A,0,69
3870,B,0,69
3871,A,0,69
3872,B,0,69
3873,A,0,69
3874,A,0,69
3875,B,0,69
3876,B,0,69
3877,B,0,69
3878,B,0,69
3879,A,0,69
3880,A,0,69
3881,A,0,69
3882,A,0,69
3883,B,0,69
3884,A,0,69
3885,B,0,69
3886,A,0,69
3887,A,0,69
3888,B,0,69
3889,A,0,69
3890,A,0,69
3891,A,0,69
3892,A,0,69
3893,A,0,69
3894,B,0,69
3895,B,0,69
3896,B,0,69
3897,A,0,69
3898,A,0,69
3899,B,0,69
3900,A,0,69
3901,A,0,69
3902,B,0,69
3903,B,0,69
3904,A,0,69
3905,B,0,69
3906,B,0,69
3907,A,0,69
3908,A,0,69
3909,A,0,69
3910,B,0,69
3911,A,0,69
3912,B,0,69
3913,A,0,69
3914,A,0,69
3915,A,0,69
3916,B,0,69
3917,A,0,69
3918,B,0,69
3919,B,0,69
3920,A,0,69
3921,B,0,69
3922,A,0,69
3923,B,0,69
3924,B,0,69
3925,A,0,69
3926,B,0,69
3927,B,0,69
3928,B,0,69
3929,B,0,69
3930,A,0,69
3931,B,0,69
3932,B,0,69
3933,A,0,69
3934,A,0,69
3935,B,0,69
3936,A,0,69
3937,B,0,69
3938,B,0,69
3939,B,0,69
3940,B,0,69
3941,A,0,69
3942,A,0,69
3943,A,0,69
3944,B,0,69
3945,B,0,69
3946,A,0,69
3947,B,0,69
3948,A,0,69
3949,B,0,69
3950,A,0,69
3951,A,0,69
3952,A,0,69
3953,A,0,69
3954,B,1,70
3955,A,0,70
3956,A,0,70
3957,B,0,70
3958,A,0,70
3959,A,0,70
3960,A,0,70
3961,B,0,70
3962,A,0,70
3963,B,0,70
3964,B,0,70
3965,B,0,70
3966,A,0,70
3967,B,1,71
3968,B,0,71
3969,A,0,71
3970,B,0,71
3971,A,0,71
3972,B,0,71
3973,A,0,71
3974,A,0,71
3975,B,0,71
3976,A,0,71
3977,A,0,71
3978,A,0,71
3979,A,0,71
3980,B,0,71
3981,A,0,71
3982,B,0,71
3983,A,0,71
3984,A,0,71
3985,B,0,71
3986,A,0,71
3987,B,0,71
3988,A,0,71
3989,B,0,71
3990,A,0,71
3991,A,0,71
3992,B,0,71
3993,A,0,71
3994,A,0,71
3995,B,0,71
3996,B,0,71
3997,B,0,71
3998,B,0,71
3999,B,0,71
4000,A,0,71
4001,A,0,71
4002,A,0,71
4003,A,0,71
4004,A,0,71
4005,A,0,71
4006,A,0,71
4007,B,0,71
4008,B,0,71
4009,A,0,71
4010,B,0,71
4011,A,0,71
4012,A,0,71
4013,A,0,71
4014,A,0,71
4015,B,0,71
4016,B,0,71
4017,A,0,71
4018,B,0,71
4019,B,0,71
4020,B,0,71
4021,A,0,71
4022,A,0,71
4023,A,0,71
4024,A,0,71
4025,A,0,71
4026,B,0,71
4027,A,0,71
4028,B,0,71
4029,A,0,71
4030,B,0,71
4031,B,0,71
4032,B,0,71
4033,A,0,71
4034,A,1,72
4035,A,0,72
4036,A,0,72
4037,A,0,72
4038,A,0,72
4039,B,0,72
4040,B,0,72
4041,A,0,72
4042,A,0,72
4043,B,0,72
4044,A,0,72
4045,A,0,72
4046,A,0,72
4047,A,0,72
4048,A,0,72
4049,A,0,72
4050,A,0,72
4051,B,0,72
4052,B,0,72
4053,A,0,72
4054,A,0,72
4055,A,0,72
4056,A,0,72
4057,B,0,72
4058,A,0,72
4059,B,0,72
4060,B,0,72
4061,A,0,72
4062,A,0,72
4063,A,0,72
4064,B,0,72
4065,B,0,72
4066,B,0,72
4067,A,0,72
4068,B,0,72
4069,B,0,72
4070,B,0,72
4071,B,0,72
4072,B,1,73
4073,B,0,73
4074,B,0,73
4075,B,0,73
4076,A,0,73
4077,A,0,73
4078,B,0,73
4079,B,0,73
4080,A,0,73
4081,B,0,73
4082,B,0,73
4083,B,0,73
4084,B,0,73
4085,B,0,73
4086,A,0,73
4087,B,0,73
4088,B,0,73
4089,B,0,73
4090,B,0,73
4091,B,0,73
4092,A,0,73
4093,B,0,73
4094,A,0,73
4095,B,0,73
4096,B,0,73
4097,B,0,73
4098,B,0,73
4099,A,0,73
4100,B,0,73
4101,A,0,73
4102,B,1,74
4103,A,0,74
4104,A,0,74
4105,A,0,74
4106,A,0,74
4107,A,0,74
4108,A,0,74
4109,B,0,74
4110,A,0,74
4111,A,0,74
4112,A,0,74
4113,A,0,74
4114,A,0,74
4115,A,0,74
4116,A,0,74
4117,A,0,74
4118,B,0,74
4119,B,0,74
4120,A,0,74
4121,B,0,74
4122,A,0,74
4123,A,0,74
4124,B,0,74
4125,B,0,74
4126,B,0,74
4127,B,0,74
4128,B,0,74
4129,A,0,74
4130,A,0,74
4131,B,0,74
4132,B,0,74
4133,B,0,74
4134,A,0,74
4135,B,0,74
4136,B,0,74
4137,A,0,74
4138,A,0,74
4139,A,0,74
4140,A,0,74
4141,B,0,74
4142,B,0,74
4143,B,0,74
4144,B,0,74
4145,B,0,74
4146,A,0,74
4147,B,0,74
4148,B,0,74
4149,A,0,74
4150,B,0,74
4151,A,0,74
4152,A,0,74
4153,A,1,75
4154,B,0,75
4155,B,0,75
4156,B,0,75
4157,A,0,75
4158,A,0,75
4159,A,0,75
4160,B,0,75
4161,B,0,75
4162,B,0,75
4163,A,0,75
4164,B,0,75
4165,B,0,75
4166,B,0,75
4167,A,0,75
4168,A,0,75
4169,A,0,75
4170,A,0,75
4171,A,0,75
4172,A,0,75
4173,A,0,75
4174,A,0,75
4175,A,0,75
4176,A,0,75
4177,B,0,75
4178,A,0,75
4179,B,0,75
4180,B,0,75
4181,A,0,75
4182,A,0,75
4183,B,0,75
4184,A,0,75
4185,A,0,75
4186,A,0,75
4187,B,0,75
4188,B,0,75
4189,A,0,75
4190,B,0,75
4191,B,0,75
4192,B,0,75
4193,A,0,75
4194,B,0,75
4195,B,0,75
4196,A,0,75
4197,B,0,75
4198,B,0,75
4199,A,0,75
4200,A,0,75
4201,A,0,75
4202,B,0,75
4203,B,0,75
4204,A,0,75
4205,B,0,75
4206,B,0,75
4207,A,0,75
4208,B,0,75
4209,A,1,76
4210,A,0,76
4211,A,0,76
4212,A,0,76
4213,B,0,76
4214,A,0,76
4215,A,0,76
4216,A,0,76
4217,A,0,76
4218,B,0,76
4219,A,0,76
4220,B,0,76
4221,A,0,76
4222,A,0,76
4223,B,0,76
4224,B,0,76
4225,B,0,76
4226,B,0,76
4227,B,0,76
4228,A,0,76
4229,A,0,76
4230,A,0,76
4231,A,0,76
4232,B,0,76
4233,A,0,76
4234,A,0,76
4235,B,0,76
4236,A,0,76
4237,A,0,76
4238,B,0,76
4239,A,0,76
4240,A,0,76
4241,A,0,76
4242,A,0,76
4243,B,0,76
4244,A,0,76
4245,B,0,76
4246,B,0,76
4247,A,0,76
4248,A,0,76
4249,B,0,76
4250,B,0,76
4251,A,0,76
4252,A,0,76
4253,A,0,76
4254,A,0,76
4255,B,0,76
4256,A,0,76
4257,B,0,76
4258,B,0,76
4259,A,0,76
4260,B,0,76
4261,B,1,77
4262,A,0,77
4263,A,0,77
4264,B,0,77
4265,B,0,77
4266,A,0,77
4267,A,0,77
4268,A,0,77
4269,B,0,77
4270,A,0,77
4271,A,0,77
4272,B,0,77
4273,B,0,77
4274,B,0,77
4275,A,0,77
4276,A,0,77
4277,B,0,77
4278,B,0,77
4279,A,0,77
4280,A,0,77
4281,B,0,77
4282,A,0,77
4283,A,0,77
4284,A,0,77
4285,B,0,77
4286,A,0,77
4287,B,0,77
4288,B,0,77
4289,B,0,77
4290,A,0,77
4291,B,0,77
4292,B,0,77
4293,A,0,77
4294,A,0,77
4295,B,0,77
4296,A,0,77
4297,B,0,77
4298,B,0,77
4299,B,0,77
4300,A,0,77
4301,A,0,77
4302,A,0,77
4303,A,0,77
4304,B,0,77
4305,B,0,77
4306,A,0,77
4307,B,0,77
4308,A,0,77
4309,B,0,77
4310,B,0,77
4311,B,0,77
4312,B,0,77
4313,B,0,77
4314,A,0,77
4315,B,0,77
4316,A,0,77
4317,A,0,77
4318,A,0,77
4319,B,0,77
4320,A,0,77
4321,A,0,77
4322,B,0,77
4323,B,0,77
4324,B,0,77
4325,A,0,77
4326,B,0,77
4327,A,0,77
4328,A,0,77
4329,A,0,77
4330,A,0,77
4331,B,0,77
4332,A,0,77
4333,A,0,77
4334,A,0,77
4335,B,0,77
4336,A,0,77
4337,B,0,77
4338,B,0,77
4339,A,0,77
4340,A,0,77
4341,B,0,77
4342,A,0,77
4343,B,0,77
4344,A,0,77
4345,B,0,77
4346,A,0,77
4347,A,0,77
4348,B,0,77
4349,B,0,77
4350,B,0,77
4351,A,1,78
4352,A,0,78
4353,B,0,78
4354,A,0,78
4355,B,0,78
4356,A,1,79
4357,A,0,79
4358,A,0,79
4359,B,0,79
4360,B,1,80
4361,A,0,80
4362,B,0,80
4363,A,0,80
4364,B,1,81
4365,A,0,81
4366,A,0,81
4367,A,0,81
4368,B,0,81
4369,B,0,81
4370,B,0,81
4371,A,0,81
4372,A,0,81
4373,B,0,81
4374,A,0,81
4375,A,0,81
4376,B,0,81
4377,A,0,81
4378,B,0,81
4379,A,0,81
4380,A,0,81
4381,B,0,81
4382,B,0,81
4383,B,0,81
4384,B,0,81
4385,B,0,81
4386,A,0,81
4387,B,0,81
4388,B,0,81
4389,A,0,81
4390,B,0,81
4391,B,0,81
4392,A,0,81
4393,A,0,81
4394,A,0,81
4395,B,0,81
4396,A,0,81
4397,A,0,81
4398,A,0,81
4399,A,0,81
4400,A,0,81
4401,A,0,81
4402,A,0,81
4403,B,0,81
4404,B,0,81
4405,B,0,81
4406,A,0,81
4407,B,0,81
4408,A,0,81
4409,A,0,81
4410,A,0,81
4411,A,0,81
4412,A,0,81
4413,A,0,81
4414,A,0,81
4415,A,0,81
4416,A,0,81
4417,A,0,81
4418,B,0,81
4419,B,0,81
4420,B,0,81
4421,A,0,81
4422,B,0,81
4423,A,0,81
4424,A,0,81
4425,B,0,81
4426,B,0,81
4427,B,0,81
4428,B,0,81
4429,A,0,81
4430,B,0,81
4431,B,0,81
4432,B,0,81
4433,B,0,81
4434,B,0,81
4435,B,0,81
4436,A,0,81
4437,A,0,81
4438,A,0,81
4439,A,0,81
4440,B,0,81
4441,A,0,81
4442,B,0,81
4443,A,0,81
4444,A,0,81
4445,A,0,81
4446,A,0,81
4447,A,0,81
4448,B,0,81
4449,A,0,81
4450,B,0,81
4451,A,0,81
4452,A,1,82
4453,B,0,82
4454,A,0,82
4455,B,0,82
4456,A,0,82
4457,B,0,82
4458,A,0,82
4459,A,0,82
4460,A,0,82
4461,A,0,82
4462,A,0,82
4463,B,0,82
4464,B,0,82
4465,A,0,82
4466,B,0,82
4467,B,0,82
4468,A,0,82
4469,A,0,82
4470,A,0,82
4471,B,0,82
4472,A,0,82
4473,B,0,82
4474,A,0,82
4475,B,0,82
4476,A,0,82
4477,B,0,82
4478,A,0,82
4479,B,0,82
4480,A,0,82
4481,B,0,82
4482,B,0,82
4483,B,0,82
4484,B,0,82
4485,B,0,82
4486,B,0,82
4487,A,0,82
4488,A,0,82
4489,A,0,82
4490,B,0,82
4491,A,0,82
4492,A,0,82
4493,B,0,82
4494,A,0,82
4495,B,0,82
4496,B,0,82
4497,A,0,82
4498,A,1,83
4499,B,0,83
4500,B,0,83
4501,A,0,83
4502,B,1,84
4503,A,0,84
4504,A,0,84
4505,B,0,84
4506,B,0,84
4507,B,0,84
4508,A,0,84
4509,B,0,84
4510,A,0,84
4511,B,0,84
4512,B,0,84
4513,A,0,84
4514,B,0,84
4515,A,0,84
4516,A,0,84
4517,B,0,84
4518,A,0,84
4519,A,0,84
4520,B,0,84
4521,B,0,84
4522,B,0,84
4523,B,0,84
4524,B,0,84
4525,B,0,84
4526,A,0,84
4527,A,0,84
4528,A,0,84
4529,B,0,84
4530,A,0,84
4531,A,0,84
4532,B,0,84
4533,B,0,84
4534,A,0,84
4535,A,0,84
4536,A,0,84
4537,A,0,84
4538,A,0,84
4539,B,0,84
4540,A,0,84
4541,B,0,84
4542,A,0,84
4543,B,0,84
4544,A,0,84
4545,B,0,84
4546,B,0,84
4547,B,0,84
4548,A,0,84
4549,A,0,84
4550,A,0,84
4551,B,0,84
4552,A,0,84
4553,A,0,84
4554,B,0,84
4555,B,0,84
4556,B,0,84
4557,B,0,84
4558,A,0,84
4559,A,0,84
4560,B,0,84
4561,B,0,84
4562,B,0,84
4563,A,0,84
4564,B,0,84
4565,A,0,84
4566,B,0,84
4567,A,0,84
4568,B,0,84
4569,A,0,84
4570,A,0,84
4571,A,0,84
4572,A,0,84
4573,B,0,84
4574,B,0,84
4575,B,0,84
4576,B,0,84
4577,B,0,84
4578,A,0,84
4579,A,0,84
4580,A,0,84
4581,B,0,84
4582,B,0,84
4583,A,0,84
4584,B,0,84
4585,A,0,84
4586,A,0,84
4587,B,0,84
4588,B,0,84
4589,B,0,84
4590,B,0,84
4591,A,0,84
4592,A,0,84
4593,B,0,84
4594,B,0,84
4595,A,0,84
4596,A,0,84
4597,A,0,84
4598,A,0,84
4599,A,0,84
4600,B,0,84
4601,A,0,84
4602,A,0,84
4603,B,0,84
4604,B,0,84
4605,A,0,84
4606,B,0,84
4607,A,0,84
4608,B,0,84
4609,B,0,84
4610,A,0,84
4611,B,0,84
4612,A,0,84
4613,B,0,84
4614,B,0,84
4615,A,0,84
4616,A,0,84
4617,A,0,84
4618,A,0,84
4619,A,0,84
4620,A,0,84
4621,A,0,84
4622,A,0,84
4623,B,0,84
4624,A,0,84
4625,B,0,84
4626,A,0,84
4627,B,0,84
4628,B,0,84
4629,B,0,84
4630,A,0,84
4631,B,0,84
4632,B,0,84
4633,B,0,84
4634,B,0,84
4635,A,0,84
4636,A,0,84
4637,A,0,84
4638,B,0,84
4639,A,0,84
4640,A,0,84
4641,B,0,84
4642,A,0,84
4643,A,1,85
4644,A,0,85
4645,B,0,85
4646,B,0,85
4647,A,0,85
4648,A,0,85
4649,B,0,85
4650,B,0,85
4651,A,0,85
4652,B,0,85
4653,B,0,85
4654,A,0,85
4655,B,0,85
4656,A,0,85
4657,B,0,85
4658,B,0,85
4659,A,0,85
4660,B,0,85
4661,A,0,85
4662,A,0,85
4663,B,0,85
4664,B,0,85
4665,B,0,85
4666,B,0,85
4667,A,0,85
4668,B,0,85
4669,B,0,85
4670,B,0,85
4671,A,0,85
4672,A,0,85
4673,B,0,85
4674,B,0,85
4675,A,0,85
4676,A,0,85
4677,A,0,85
4678,B,0,85
4679,A,0,85
4680,A,0,85
4681,A,0,85
4682,A,0,85
4683,A,0,85
4684,B,0,85
4685,B,0,85
4686,A,0,85
4687,A,0,85
4688,A,0,85
4689,B,0,85
4690,A,0,85
4691,A,0,85
4692,A,0,85
4693,A,0,85
4694,A,0,85
4695,A,0,85
4696,A,0,85
4697,B,0,85
4698,B,0,85
4699,A,0,85
4700,A,0,85
4701,B,0,85
4702,A,0,85
4703,A,0,85
4704,A,0,85
4705,B,0,85
4706,A,0,85
4707,A,1,86
4708,B,0,86
4709,B,0,86
4710,A,0,86
4711,B,1,87
4712,B,0,87
4713,B,0,87
4714,B,0,87
4715,A,0,87
4716,B,0,87
4717,A,0,87
4718,A,0,87
4719,A,0,87
4720,A,0,87
4721,B,1,88
4722,B,0,88
4723,B,0,88
4724,A,0,88
4725,A,0,88
4726,A,0,88
4727,A,0,88
4728,B,0,88
4729,B,0,88
4730,B,0,88
4731,B,1,89
4732,B,0,89
4733,B,0,89
4734,B,0,89
4735,B,0,89
4736,A,0,89
4737,A,0,89
4738,B,0,89
4739,A,0,89
4740,B,0,89
4741,B,0,89
4742,B,0,89
4743,A,0,89
4744,B,0,89
4745,B,0,89
4746,A,0,89
4747,A,0,89
4748,A,0,89
4749,A,0,89
4750,B,0,89
4751,B,1,90
4752,A,0,90
4753,A,0,90
4754,A,0,90
4755,A,0,90
4756,B,0,90
4757,A,0,90
4758,B,0,90
4759,A,0,90
4760,B,0,90
4761,B,0,90
4762,A,0,90
4763,B,0,90
4764,B,0,90
4765,A,0,90
4766,A,0,90
4767,A,0,90
4768,B,0,90
4769,A,0,90
4770,B,0,90
4771,B,0,90
4772,B,0,90
4773,A,0,90
4774,B,0,90
4775,A,0,90
4776,A,0,90
4777,A,0,90
4778,B,0,90
4779,B,0,90
4780,A,0,90
4781,B,0,90
4782,B,0,90
4783,B,0,90
4784,A,0,90
4785,A,0,90
4786,B,0,90
4787,B,0,90
4788,A,0,90
4789,B,0,90
4790,B,0,90
4791,B,0,90
4792,B,0,90
4793,A,0,90
4794,A,0,90
4795,A,0,90
4796,B,0,90
4797,B,0,90
4798,A,0,90
4799,B,0,90
4800,A,0,90
4801,A,0,90
4802,A,0,90
4803,B,0,90
4804,B,0,90
4805,B,0,90
4806,B,0,90
4807,B,0,90
4808,A,0,90
4809,B,0,90
4810,B,0,90
4811,A,0,90
4812,B,0,90
4813,B,0,90
4814,A,0,90
4815,A,0,90
4816,A,0,90
4817,B,0,90
4818,B,0,90
4819,B,0,90
4820,B,0,90
4821,B,0,90
4822,A,0,90
4823,B,0,90
4824,A,0,90
4825,B,0,90
4826,A,0,90
4827,A,0,90
4828,A,0,90
4829,B,0,90
4830,A,0,90
4831,A,0,90
4832,B,0,90
4833,B,0,90
4834,A,0,90
4835,B,0,90
4836,B,0,90
4837,A,0,90
4838,B,0,90
4839,B,1,91
4840,A,0,91
4841,B,0,91
4842,A,0,91
4843,A,0,91
4844,A,0,91
4845,A,0,91
4846,B,0,91
4847,B,0,91
4848,B,0,91
4849,B,0,91
4850,B,0,91
4851,A,0,91
4852,A,0,91
4853,B,0,91
4854,B,0,91
4855,A,0,91
4856,A,0,91
4857,A,0,91
4858,B,0,91
4859,B,0,91
4860,B,0,91
4861,B,0,91
4862,B,0,91
4863,B,0,91
4864,B,0,91
4865,A,0,91
4866,B,0,91
4867,B,0,91
4868,B,0,91
4869,A,0,91
4870,A,0,91
4871,B,0,91
4872,B,0,91
4873,B,0,91
4874,A,0,91
4875,A,0,91
4876,B,0,91
4877,A,0,91
4878,B,0,91
4879,B,0,91
4880,A,0,91
4881,B,0,91
4882,A,0,91
4883,B,0,91
4884,A,0,91
4885,B,0,91
4886,A,0,91
4887,A,0,91
4888,A,0,91
4889,A,0,91
4890,B,0,91
4891,A,0,91
4892,B,0,91
4893,A,0,91
4894,A,0,91
4895,A,0,91
4896,A,0,91
4897,B,0,91
4898,A,0,91
4899,A,0,91
4900,B,0,91
4901,B,0,91
4902,A,0,91
4903,B,0,91
4904,B,0,91
4905,A,0,91
4906,B,0,91
4907,B,0,91
4908,A,0,91
4909,B,0,91
4910,A,0,91
4911,B,0,91
4912,B,0,91
4913,A,0,91
4914,A,0,91
4915,B,0,91
4916,A,0,91
4917,B,0,91
4918,B,0,91
4919,B,0,91
4920,A,0,91
4921,B,0,91
4922,B,0,91
4923,B,0,91
4924,A,0,91
4925,A,0,91
4926,B,0,91
4927,A,0,91
4928,B,0,91
4929,B,0,91
4930,B,0,91
4931,A,0,91
4932,B,0,91
4933,B,0,91
4934,A,0,91
4935,B,0,91
4936,A,0,91
4937,B,0,91
4938,B,1,92
4939,A,0,92
4940,B,0,92
4941,A,0,92
4942,B,0,92
4943,B,0,92
4944,B,0,92
4945,B,0,92
4946,B,0,92
4947,A,0,92
4948,A,0,92
4949,B,0,92
4950,B,0,92
4951,B,0,92
4952,B,0,92
4953,B,0,92
4954,A,0,92
4955,B,0,92
4956,B,0,92
4957,B,0,92
4958,B,0,92
4959,A,0,92
4960,B,0,92
4961,A,0,92
4962,A,0,92
4963,A,0,92
4964,A,0,92
4965,A,0,92
4966,A,0,92
4967,B,0,92
4968,B,0,92
4969,A,0,92
4970,B,0,92
4971,B,0,92
4972,B,0,92
4973,B,0,92
4974,A,0,92
4975,A,0,92
4976,B,0,92
4977,A,0,92
4978,A,0,92
4979,B,0,92
4980,A,0,92
4981,B,0,92
4982,B,0,92
4983,B,0,92
4984,B,0,92
4985,A,0,92
4986,A,0,92
4987,A,0,92
4988,B,0,92
4989,B,0,92
4990,B,0,92
4991,B,0,92
4992,B,0,92
4993,A,0,92
4994,B,0,92
4995,B,0,92
4996,B,0,92
4997,A,0,92
4998,B,0,92
4999,A,0,92
5000,B,0,92
5001,A,0,92
5002,A,0,92
5003,B,0,92
5004,A,0,92
5005,B,0,92
5006,B,0,92
5007,B,0,92
5008,A,0,92
5009,A,0,92
5010,A,1,93
5011,A,0,93
5012,A,0,93
5013,A,0,93
5014,B,0,93
5015,B,0,93
5016,A,0,93
5017,A,0,93
5018,A,0,93
5019,B,0,93
5020,A,0,93
5021,B,1,94
5022,A,0,94
5023,B,0,94
5024,B,0,94
5025,B,0,94
5026,A,0,94
5027,A,0,94
5028,A,1,95
5029,B,0,95
5030,A,0,95
5031,B,0,95
5032,A,0,95
5033,B,0,95
5034,A,0,95
5035,B,0,95
5036,A,0,95
5037,B,0,95
5038,A,0,95
5039,A,0,95
5040,A,0,95
5041,B,0,95
5042,B,0,95
5043,B,0,95
5044,A,0,95
5045,A,0,95
5046,B,0,95
5047,B,0,95
5048,B,0,95
5049,A,0,95
5050,A,0,95
5051,A,0,95
5052,B,0,95
5053,B,0,95
5054,B,0,95
5055,A,0,95
5056,A,0,95
5057,A,0,95
5058,A,0,95
5059,B,0,95
5060,A,0,95
5061,B,0,95
5062,B,0,95
5063,A,0,95
5064,B,0,95
5065,B,0,95
5066,A,0,95
5067,A,0,95
5068,B,0,95
5069,A,0,95
5070,A,0,95
5071,B,0,95
5072,A,0,95
5073,A,0,95
5074,A,0,95
5075,A,0,95
5076,B,0,95
5077,A,0,95
5078,A,0,95
5079,A,0,95
5080,B,0,95
5081,A,0,95
5082,A,0,95
5083,A,0,95
5084,A,0,95
5085,A,0,95
5086,B,0,95
5087,A,0,95
5088,B,0,95
5089,B,0,95
5090,A,0,95
5091,B,0,95
5092,B,0,95
5093,B,0,95
5094,A,0,95
5095,A,0,95
5096,A,0,95
5097,B,0,95
5098,A,0,95
5099,B,0,95
5100,B,0,95
5101,A,0,95
5102,B,0,95
5103,A,1,96
5104,B,0,96
5105,A,0,96
5106,B,0,96
5107,A,0,96
5108,A,0,96
5109,A,0,96
5110,B,0,96
5111,B,0,96
5112,A,0,96
5113,A,0,96
5114,B,0,96
5115,A,0,96
5116,B,0,96
5117,A,0,96
5118,B,0,96
5119,A,0,96
5120,B,0,96
5121,B,0,96
5122,B,0,96
5123,B,0,96
5124,A,1,97
5125,B,0,97
5126,B,0,97
5127,A,0,97
5128,B,0,97
5129,A,0,97
5130,A,0,97
5131,A,0,97
5132,A,0,97
5133,A,0,97
5134,A,0,97
5135,B,0,97
5136,A,0,97
5137,A,0,97
5138,A,0,97
5139,B,0,97
5140,B,0,97
5141,A,0,97
5142,A,0,97
5143,A,0,97
5144,A,0,97
5145,A,0,97
5146,A,0,97
5147,B,0,97
5148,A,0,97
5149,A,0,97
5150,A,0,97
5151,B,0,97
5152,B,0,97
5153,A,0,97
5154,A,0,97
5155,A,0,97
5156,B,0,97
5157,A,0,97
5158,A,0,97
5159,A,0,97
5160,A,0,97
5161,B,0,97
5162,A,0,97
5163,B,0,97
5164,B,0,97
5165,A,0,97
5166,A,0,97
5167,A,0,97
5168,A,0,97
5169,A,0,97
5170,A,0,97
5171,A,0,97
5172,A,0,97
5173,A,0,97
5174,B,0,97
5175,B,0,97
5176,B,0,97
5177,A,0,97
5178,B,0,97
5179,A,0,97
5180,A,0,97
5181,B,0,97
5182,B,0,97
5183,A,0,97
5184,B,0,97
5185,A,0,97
5186,A,0,97
5187,B,0,97
5188,A,0,97
5189,B,0,97
5190,B,0,97
5191,B,0,97
5192,B,0,97
5193,B,0,97
5194,A,0,97
5195,B,0,97
5196,B,0,97
5197,B,0,97
5198,B,0,97
5199,A,0,97
5200,A,0,97
5201,A,0,97
5202,B,0,97
5203,A,0,97
5204,A,0,97
5205,A,0,97
5206,B,0,97
5207,A,0,97
5208,B,0,97
5209,A,0,97
5210,B,0,97
5211,B,0,97
5212,B,0,97
5213,B,0,97
5214,A,0,97
5215,B,0,97
5216,B,0,97
5217,B,0,97
5218,A,0,97
5219,B,0,97
5220,A,0,97
5221,B,0,97
5222,A,0,97
5223,A,0,97
5224,A,0,97
5225,A,0,97
5226,A,0,97
5227,A,0,97
5228,A,0,97
5229,B,1,98
5230,A,0,98
5231,A,0,98
5232,A,0,98
5233,B,0,98
5234,A,0,98
5235,B,0,98
5236,A,0,98
5237,A,0,98
5238,B,0,98
5239,B,0,98
5240,A,0,98
5241,A,0,98
5242,A,0,98
5243,A,0,98
5244,A,0,98
5245,A,0,98
5246,A,1,99
5247,B,0,99
5248,A,0,99
5249,B,0,99
5250,B,0,99
5251,B,0,99
5252,B,0,99
5253,B,0,99
5254,A,0,99
5255,A,0,99
5256,B,0,99
5257,B,0,99
5258,B,0,99
5259,B,0,99
5260,A,0,99
5261,B,0,99
5262,A,0,99
5263,A,0,99
5264,B,0,99
5265,B,0,99
5266,B,0,99
5267,B,0,99
5268,A,0,99
5269,A,0,99
5270,B,0,99
5271,A,0,99
5272,B,0,99
5273,B,0,99
5274,B,0,99
5275,A,0,99
5276,A,0,99
5277,B,1,100
5278,A,0,100
5279,B,0,100
5280,A,0,100
5281,A,0,100
5282,A,0,100
5283,A,0,100
5284,B,0,100
5285,A,0,100
5286,B,0,100
5287,A,0,100
5288,B,0,100
5289,B,0,100
5290,B,0,100
5291,A,0,100
5292,A,0,100
5293,A,0,100
5294,A,0,100
5295,A,0,100
5296,B,0,100
5297,A,0,100
5298,A,0,100
5299,B,0,100
5300,A,0,100
5301,B,0,100
5302,B,0,100
5303,B,0,100
5304,A,0,100
5305,B,0,100
5306,A,0,100
5307,B,0,100
5308,A,0,100
5309,A,0,100
5310,B,0,100
5311,B,0,100
5312,A,0,100
5313,B,0,100
5314,B,0,100
5315,A,0,100
5316,B,0,100
5317,B,0,100
5318,A,0,100
5319,A,0,100
5320,A,0,100
5321,A,0,100
5322,B,0,100
5323,A,0,100
5324,B,0,100
5325,B,0,100
5326,B,0,100
5327,A,0,100
5328,B,0,100
5329,B,0,100
5330,B,0,100
5331,B,0,100
5332,A,0,100
5333,B,0,100
5334,B,0,100
5335,A,0,100
5336,A,0,100
5337,B,0,100
5338,B,0,100
5339,A,0,100
5340,A,0,100
5341,B,0,100
5342,B,0,100
5343,A,0,100
5344,B,0,100
5345,A,0,100
5346,A,0,100
5347,B,0,100
5348,B,0,100
5349,B,0,100
5350,B,0,100
5351,A,0,100
5352,A,0,100
5353,B,0,100
5354,B,0,100
5355,B,0,100
5356,A,1,101
5357,A,0,101
5358,B,0,101
5359,B,0,101
5360,B,0,101
5361,A,0,101
5362,B,0,101
5363,A,0,101
5364,A,0,101
5365,A,0,101
5366,B,0,101
5367,A,0,101
5368,B,0,101
5369,B,0,101
5370,B,0,101
5371,B,0,101
5372,B,0,101
5373,B,0,101
5374,A,0,101
5375,A,0,101
5376,B,0,101
5377,B,0,101
5378,B,0,101
5379,B,0,101
5380,B,0,101
5381,A,0,101
5382,B,0,101
5383,B,0,101
5384,A,0,101
5385,B,0,101
5386,A,0,101
5387,B,0,101
5388,A,0,101
5389,B,0,101
5390,B,0,101
5391,A,0,101
5392,B,0,101
5393,B,0,101
5394,B,0,101
5395,B,0,101
5396,A,1,102
5397,B,0,102
5398,A,0,102
5399,B,0,102
5400,B,0,102
5401,A,0,102
5402,A,0,102
5403,A,0,102
5404,B,0,102
5405,A,0,102
5406,A,0,102
5407,B,0,102
5408,A,0,102
5409,A,0,102
5410,A,0,102
5411,A,0,102
5412,B,0,102
5413,A,0,102
5414,A,0,102
5415,B,0,102
5416,A,0,102
5417,B,0,102
5418,A,0,102
5419,A,0,102
5420,A,0,102
5421,A,0,102
5422,B,0,102
5423,A,0,102
5424,A,0,102
5425,A,1,103
5426,B,0,103
5427,A,0,103
5428,B,0,103
5429,B,0,103
5430,A,0,103
5431,B,0,103
5432,B,1,104
5433,A,0,104
5434,B,0,104
5435,B,0,104
5436,B,0,104
5437,A,0,104
5438,B,0,104
5439,A,0,104
5440,A,0,104
5441,B,0,104
5442,A,0,104
5443,B,0,104
5444,B,0,104
5445,B,0,104
5446,A,0,104
5447,B,0,104
5448,A,0,104
5449,A,0,104
5450,B,0,104
5451,B,0,104
5452,B,0,104
5453,A,0,104
5454,B,0,104
5455,A,0,104
5456,B,0,104
5457,A,0,104
5458,B,0,104
5459,A,0,104
5460,B,0,104
5461,B,0,104
5462,A,0,104
5463,B,0,104
5464,A,0,104
5465,A,0,104
5466,B,0,104
5467,B,0,104
5468,B,0,104
5469,A,0,104
5470,B,0,104
5471,A,0,104
5472,A,0,104
5473,B,0,104
5474,A,0,104
5475,A,0,104
5476,B,0,104
5477,A,0,104
5478,B,0,104
5479,B,0,104
5480,A,0,104
5481,B,0,104
5482,B,0,104
5483,A,0,104
5484,B,0,104
5485,A,0,104
5486,B,0,104
5487,A,0,104
5488,A,0,104
5489,A,0,104
5490,B,0,104
5491,B,0,104
5492,B,0,104
5493,A,0,104
5494,B,0,104
5495,B,0,104
5496,A,0,104
5497,B,0,104
5498,A,0,104
5499,A,0,104
5500,B,0,104
5501,B,1,105
5502,A,0,105
5503,B,0,105
5504,A,0,105
5505,A,0,105
5506,B,0,105
5507,B,0,105
5508,B,0,105
5509,A,0,105
5510,B,0,105
5511,A,0,105
5512,A,0,105
5513,A,0,105
5514,B,0,105
5515,A,0,105
5516,A,0,105
5517,A,0,105
5518,B,0,105
5519,B,0,105
5520,B,0,105
5521,B,0,105
5522,A,0,105
5523,A,0,105
5524,B,0,105
5525,B,0,105
5526,A,0,105
5527,B,0,105
5528,B,0,105
5529,A,0,105
5530,B,0,105
5531,A,0,105
5532,B,0,105
5533,B,0,105
5534,B,0,105
5535,A,0,105
5536,B,0,105
5537,A,0,105
5538,B,0,105
5539,B,0,105
5540,A,0,105
5541,B,0,105
5542,A,0,105
5543,A,0,105
5544,A,0,105
5545,B,0,105
5546,B,0,105
5547,B,0,105
5548,A,0,105
5549,B,0,105
5550,B,0,105
5551,A,0,105
5552,A,0,105
5553,A,0,105
5554,A,0,105
5555,B,0,105
5556,B,0,105
5557,A,0,105
5558,A,0,105
5559,B,0,105
5560,A,0,105
5561,B,0,105
5562,B,0,105
5563,B,0,105
5564,B,0,105
5565,B,0,105
5566,B,0,105
5567,B,0,105
5568,B,0,105
5569,B,0,105
5570,B,0,105
5571,B,0,105
5572,B,0,105
5573,B,0,105
5574,B,0,105
5575,A,0,105
5576,A,0,105
5577,B,0,105
5578,B,0,105
5579,B,0,105
5580,B,0,105
5581,A,0,105
5582,B,0,105
5583,B,0,105
5584,B,0,105
5585,A,0,105
5586,A,0,105
5587,B,0,105
5588,A,0,105
5589,B,0,105
5590,B,0,105
5591,B,0,105
5592,A,0,105
5593,A,0,105
5594,A,0,105
5595,A,0,105
5596,B,0,105
5597,A,0,105
5598,A,0,105
5599,A,0,105
5600,B,0,105
5601,A,1,106
5602,A,0,106
5603,A,1,107
5604,B,0,107
5605,B,0,107
5606,A,0,107
5607,B,0,107
5608,A,0,107
5609,A,0,107
5610,A,0,107
5611,A,0,107
5612,B,0,107
5613,A,0,107
5614,A,0,107
5615,A,0,107
5616,A,0,107
5617,A,0,107
5618,A,0,107
5619,B,0,107
5620,B,0,107
5621,B,0,107
5622,A,0,107
5623,A,0,107
5624,A,0,107
5625,B,1,108
5626,A,0,108
5627,A,0,108
